uid,scenario
bd3c2935da75946a0c7b99348df936da,s2
4634814b1411d00b0c1c4b7e3d6fb30c,s28
41e61fd0d08f1d3dbe7e503d0150d415,s12
1f45ec77346c286324a083dd36c4c4c9,s19
e6d3f450fd755a03f808c7d098c391ba,s22
3f77f0e7b1eef4fc5d8d21ff3ee47296,s22
1e11058e70e5c0f63e0a9511121fb470,s21
2569c33dee3b329a0e90685229a61bb6,s8
c00d757929a750d6e6ec44d3fb707882,s1
4f9e17e8a352748275c86adf8ae469ed,s3
392c4a25002a1acf520cc245cc3db476,s27
081b0c62af237e89f1dc666157cae501,s10
1ef5b89b791c4cccf16c77ce371c7b7c,s19
9205ae44b61e166f078ab46fbd4fed16,s28
e9b500f455d574976677c00afce86fef,s26
22b6e3237707baae2388604fb1152631,s28
e93e90551ce37cbc05c0d456fe3e8e1e,s14
25ba831b01029ae392854e7c7f3c7f5c,s30
1abcbd72aa8c921cbc18af10ffc9804e,s8
933f7295aae950468267d15d7c4ec27a,s15
3a757eb0e87c47e9abed13ec61894140,s29
bb88e07a40326729cd09497e6cba422e,s22
dd9cdc405b8ec37f4f9438585bbc5ca1,s2
5b2d27b8428324472b4ce5ad24005dee,s4
147dc31e72e2679445e70f2114118198,s5
7c567b76e191b60a97d74dd98d4459fa,s14
6c6a3c2ebfac798819a2c32ce2bbeb41,s3
4a70f5a56312389c273ca5898d021eea,s7
4b3ac9b5515b802828c86e6b9e6a23ba,s28
f1385c48e7e4c94dbeec166ae9d34038,s17
2e6182b7bb3c6fdb2ab8c278f2663b42,s25
100fa0ed6deb6bc7d025a28d47e1a38d,s6
71a85c64aca2566ccbfe5485b45b888e,s14
cb87ebcab86c8b767f56d4bcc0c7c756,s16
dc6f19ec4dd01cdc9e45dc124507c7af,s11
f89f2b31a306b97184aadb1bceaeb59b,s13
c10ead2423c9cab6771f82cb732442da,s30
4db107c8c8d55f3a24bd86125437e9e1,s21
72156e8034f0b471217347c7df7bdcbb,s16
8efcf0efaf8f374d095d4c3104deb543,s11
518d69fb85db3bd1aff175aadd3172a1,s24
612a59415ab8d40862328e18301905a5,s7
c9c38bb854facd043ac24dfeacf489fb,s24
73b84968dbc158f944f9abffd6f2be21,s24
87acc780ee3aac8a13fe6faed2a7879f,s7
b59043fc0885e7910aa8032dad425ebc,s4
4fd93accc380ad3ea347dca947d2c212,s20
3e582ef29df92dd0885053d30ba05d01,s1
4840c8952edcbbf273571e4e0ff3d22d,s6
03ad30cc081d939dde16feeddf8522ae,s18
bb87d14fc66daf5071d559f124ec088f,s26
d4bc1e99864450668ade7a403a9d2b67,s2
66320007646dec9264837401c6b44b8a,s18
afb63aa172e5bc97b7c17ffb0d7b5c6e,s30
ffbc30f9b4f5de596e69b0692ead788d,s12
31a77d5d90f6c5f2754aa06515577675,s6
2bd39576b6651a00ca5dbc4785e2a78c,s6
41ab01fbbe828c979ada692ecadc2db4,s19
be4d50d3a799b245c47a14b98f680d51,s15
b2c6a0d69790cd223edbb68b7f3ff188,s17
6b795779dd0b3496baeec099bb31e23d,s11
7437002c0ddb515268959b217f36a38d,s4
ca5b9603911d97bc86c734704fe5ee37,s15
3515f744b02d2ecfac8d1cfccfc76de1,s18
c3304d56d30467ff23561b2869b70b4d,s22
52ad91609d26b7b88a270000e8bbfcbd,s26
3de2325b18cb3da8668ead4652c73c38,s26
bd9f5fb15308c881af4c79f85a7e02b8,s18
780c598a9c45dba2d3c8cbe212ecc667,s17
bdd8d8b9137986b01b98dbbbe58dd4a1,s26
2fbd12f30ea3e93309a481f3f1cd5013,s6
02ec95ece56497402f2eb47c5fc276e6,s5
de15822395be12481e9bf0795ee93c4a,s28
934a41950040f02f6aa96b0e5df0d4c3,s7
98facc041b167d29c13a03f00f5f1382,s24
487cb2c25402db79950496c7fc5deb85,s5
124f0fa835552a2d33b79583cc4c856d,s14
a30b95130b4d3ba40d48851d3d7f37d0,s28
2a46fb4b3616aa7373e3ac36eb34d1d2,s18
503e96f88a7e4e79f38af6da3b927795,s17
156c7abe83de285c1f8a3dfc61cfe7cb,s13
d8a07ce679b01f61be039a1441e82938,s30
7077cc134b8ccbf9ad9255e88a2e424e,s1
e4a33bdfba4007b88cfc54546ad555e7,s22
73810cafeb62632bf9c203ef9244ea2f,s14
3796113f792d3205c8aacd4cd9cb77ec,s6
d4a4bf9a2108396eee5ec9f6e4ccfff0,s1
14b4b76146188f8e25b127ea2a12279e,s19
9d6029217bd51608ef24575a84d96620,s24
934fd518588f365393a5501013a45696,s3
c051895fe0bd560c32087ebd0a960110,s16
56d0b482321a63437fb2461b4a32aaf8,s30
90b182bc3e748cd893272d5cd6b7399b,s13
2b194b70b9f9a8650fe6ea2b1ee56db2,s7
7dfc1f31d81b9ff17571effe202f0e2a,s20
f575e381683ad263535285a63231eb7e,s20
766e16850dd12b0896eb4d1f6fdce3df,s21
2ff7c82151941a8ce2807a2c54fcd3a8,s8
01929455b895180e4f2c892cd0c7a217,s1
a009d391b3a7760718f29887497648f9,s28
507283f7dce9aa9f8a09a25df0353088,s22
82f8e275a1630f8d88da8ae709b87ce1,s29
700e7902866a45ac2548eefc9de3babd,s26
046b2d2d60192c738386388d195ded1d,s12
4ffe3c50b2b02154d7cfc511865df615,s15
9b3207519063169835aa6ac34ce553d7,s2
e6b6c1de360a895767d83746fda738a5,s30
7e309bb300cb6bf81968c903e2fa7bf0,s27
6666ea8af496f235efbce2719a3c7c8a,s18
4e7bd06cdaaf511392782995d84f7a48,s4
bdadf65d36d5f4c04861edc0862ab65e,s12
b544200f9076740b54871c8231a30976,s8
d7d4461e541fc24e4616953c6a3004fc,s21
7f68da61d503afdfc8461589c9ed1cbc,s15
a2df32599125f32d1561ba8025febe48,s28
5078a2445263fa33ac1988846e7b883f,s13
dd4881d2e9e0a1c707e03aa9ca8a1b02,s15
8c08f529acb65041e82793a754e5a12b,s20
e9607a34bcb1e8f2f2166ca4bdc519c4,s20
f545c307d744af68ad81c26cf70afcc0,s28
92c7cf7d692452dd4abfa2b76c1c113a,s6
b452f9b463d3991b88b4b01e42e5d9dd,s25
38a772e69d5eb8f90a9cbcd70686f5a5,s1
25ed6c54f07bace6cc27d7a838847445,s7
2c217cde6d57a08b86c33f2168f3f133,s16
d135bd9ede9356e05f2d14b5a5f4f36e,s18
36e2b23c3074f53ab5391028d4a7f0e5,s2
c665c69acbaa94029f7424a482a6ef7d,s4
e058ca5931f5b3ef314b00df7e14e391,s12
da60c239b701d049656359044a79ba31,s14
a9604e973f1805b949536535013381be,s16
cfcf68c77b7020df47c756e4242bb0ee,s26
4450d007dd8408072a876d1ea2797c01,s14
6049b4dbba3430a78eacf533665343fe,s6
0486d0aec12860162a99340883053f4b,s6
7054fb53f55f530f5d627e63a8bff611,s15
173d01693f13c6c47b21f7093c87a0ac,s2
e183c69473988b2a4bb0a450d42d6d25,s29
b821997efad8f4d8be0f7ef15cc46408,s20
ac2225f54db043d4ca9128e8749c1a1c,s25
71761fdd0b9f199b25ef744d4d64c5a4,s2
c78dceb7a00623956c54ceaf8fad2d77,s15
9d5b987db5bdc91005110402198a5166,s12
cce0ab70f6d7c81dfdb3b832cb13ecdd,s9
b452d7842fcaa6203c832338fa4832d2,s24
8d74de25c449d360cd424779a6ea932b,s30
ecab68c07ad4e44d910151b84bfb617f,s7
9acc9ffc79d6995895c97bbcf943b9a1,s23
c9ccf31de42a3cd832b1b13f63d5b3c3,s5
3b621b9f3fcc30793d2d0d68f6467831,s12
7642994bea69045a67f39848534d6143,s20
4d5b85563444581d7853ed0c548e1dfc,s20
2f36b1e81fa975d078af3b253cbe91df,s25
9bf2c4af6a0d66284433407aa57e03f8,s17
9260aee60616f971815a326ef9128774,s18
48bc278b7818780a444a34e772e11bc5,s11
d9ebd0de44d183d51caa932b6103e97e,s9
f86e8de392f6d2722ac88108eb91c3f1,s29
55feb5976fcb24888c9b30506bcf09e4,s22
5609a5e2b727c01ac305d37e82660e48,s14
57e48295da04e8b8de465d7a25d06314,s3
60dd0403f0b4e0b5a2d23910e3ccb524,s12
e65da29225ec3471c73aab071cdbfe62,s24
c5c169f3b4a0dc66b7ca4d3aa555b867,s2
373c7cee64fd447cbb0eadcef5ffb47e,s25
26d54c08dc925f71680b228a45ee5197,s21
60eb5d02b6a4c3dc25d56f2af71fd206,s8
89212bcefc090965dce3f58b4f619938,s1
d866f4489207de859322790e916e373f,s15
8e115df7721e0f61e6278475b55e36e4,s17
d7f2e88f22463dda1bea74d788e8855f,s16
8a3152e972e1e3cdddc8edb29168ec56,s25
5609dfaba48580ba718c8214fa8fa721,s26
feaf6a37c3e2ead398bac7e04442f122,s5
4cf974f6746839dd9231632e85f00e31,s14
37654b76937c5bb7f6ee2116910bed76,s15
3a6a3a141951aac4be7326cd49e85976,s29
a97da0b48833b9d969f2c985960e86c0,s13
e5958aabe20aae6ce35e44aa8bc49b85,s27
49ac6c2eaa913fc3e659d1b5e62a8991,s19
7eb1ffd40487da58a1fa7c767fa99da9,s17
73a4f91a51a19e2b2b48aa4f3bbbeedf,s14
47abc3356904ed110d71bd9474d8b35c,s2
aa707bc4b38448d7aadb1bb8688e5744,s8
0db232abb1df9ccd5a9fef24a637f57a,s19
8923d47c3f04f12aedb2ffc290dba668,s12
43a3af02a37d853e2bebe96e5fb6333e,s28
274bb1ad4af54309b2519ac6b2de144d,s11
68eb61186039886bd86592def45e68d0,s28
3027f3d704a85f04782b314150293555,s17
a144bd0299d724702c35b0b5a9c36e6d,s8
b8e4f9b7aca292a099ac14ddab76db33,s3
d285c376288d9c692b4705bea740932d,s14
e73f4ad5491a95a632d28da96f3ca836,s23
9f1c64c8245fa53a36ca79344e463135,s15
273e36510cb37780bb2136199aa1883c,s25
e636ab2a858366ecbe15175aa833c1b5,s15
b38719137f70e46413a5d0596576f9b6,s6
7c910a98d3a53c8b84c2fa8b91a3d64e,s1
b8178ff2f4abfcd68cc213d745c9eccd,s17
c72b96b91bf1aaacbb48d0174492db94,s9
dd92f8ff8113f7bda6aa19e953a6ad41,s27
9efc89bfe32820d3458ea200c2156f66,s23
f7bae79b9d10721d9ea724f81d7446ed,s18
f28d9243e9107a00eb71c6d5be1afc6d,s3
f51cd916e45cb40d3d1ee52b32958646,s18
397b41ec07a6441449df39bc96a1b2f2,s14
abee4a7f785cfa58aeeb21e5b99355d6,s24
7794b40418730d50ee1c94691af9178e,s16
abc09db88aadd14c042bb8dc8d6a185e,s9
01aca33427d4f0fca23b9803fb0f4eeb,s3
2e25c84e6ecf85904cfefcd59a9611c7,s30
4398d12cf7eb85c1c77012ec37e4d233,s22
a6adb178b4e880d54e31a856c05e54f0,s16
2510d7397bfbbf867b2667ae578a4621,s12
ccb2e1c90ffb35be502c7a7233e04c4f,s25
bd3384125bf10f23b54b9ebf245292be,s17
6e667619b6b41ca668567f95144a916b,s19
74ac2a995f785c329007d1f229d2e0d3,s20
8c206e3841f9aa6f3ff800b6e76583da,s9
de40beee6bcbccf8f21fb753b2d7d5f4,s4
f4242e25a5d81199c57b4cbf00c4cdd5,s23
763a74e4b2ab1fdfbc089a0ac2ebe339,s17
b0e28af5a665640059403a45ab50b177,s21
d802fdc61cd506a3618aa5f8ed0faddc,s6
ad5f7bd3210c562c7e3d0be8dfcc3873,s3
d7e3e4968d90fe6d42c223cac5474c63,s21
53fd917d07f8a2c802945e58dc9594f6,s5
a14a9630f38d8ac10306e4060dc3fc26,s22
9dabbfca433ee235a88f3c1adbf8d07c,s2
5a8fe36aa4233f2a7e64807e43889834,s15
831bac1c8f2fe5faf9f93daa1efa8f9c,s3
f0ab3106a09ad807facef6c9e3255d4a,s12
5f94aaf06372b01d5301fe001a096f20,s8
b1d57b73ca41454495398ac77e6c5dc3,s2
aefc05c2f08a11d953e4756eb9ac5e60,s22
7c79184635a3e404e4e226441f1c34dc,s8
9614663ce4d04fdd9478f162aab1279f,s30
9da78fa78a43af8925d006ca0e932260,s26
5358e7bbe833697f844cbe01994e4228,s25
5d14f3557a9e37b58a7fb61e3b2540ba,s21
b3cff8c56420ddcc5f75e01dbf238f48,s6
163223c3d85a7cc1ae32a2be9c6ed143,s8
30d2e846626b90c654ca60ae2f128536,s2
1525de7f2bea3d1fd667347bfa41548c,s24
850e88ef7ce455f2772a34a6cf34e8cc,s22
1e26e2dac234f409a4c463d2ab0f1b11,s17
7aa8ff0127a37a255f8e17c007df7c30,s20
a62f99865cd65c67cee6302f4e10f0a2,s6
729d10435bb462c6b150aee964c90483,s8
2472fab8b5c28d44b45966a7f09a56bd,s3
6329a73988381dca2122b16346ffa146,s28
57951c573b449d0a3287b85e8c2fd922,s4
41848ecaae3f55497c50b92b0ac4d2db,s20
468be24681dc9b4f22009e059fe10564,s1
3631d7bf0e0fa3c350200f52fd67ed2b,s10
98dc317d49fec0aee6560bed8b99d468,s8
b12d460a1cafea308a7a01053160f9f8,s16
6b247777da6d0ca739df0a18dea6fd45,s24
7206e0b2a22b9686b7cf8fef7eb11b03,s9
46b0e24d47418c15fe389f317bf9dca2,s20
b58296a784704420a5ae8c9779ba0b5d,s10
7be4e83816f55c302c6b833fa3cc381c,s21
e050b0d504d59de263bdd7ac97d8eb33,s20
b84a0d8e32b5983caab090dabe5d1d3b,s3
7ada3cde1830549fc14e9a2955911af7,s11
dc033bd647d1e984b69627e77c361a8f,s4
9640d3fa10c98f54d1775bbae0d6a46f,s18
bf3b970c0622b7a6ec41bf0314b9d4ac,s8
8d8bfe0bbfe98ba86dd9f710e8a0da93,s25
de2c5f50dd475626e5cefd8ac09fb062,s15
d5a11f2afbe27df574d20cf376f82c2b,s30
8f547bb7b78d66f62b19daeac3344670,s19
bea22794acd8c0d71d055f77aa034b82,s4
46535ff597bb1cfd85a2b55a46efedf9,s25
fee9c27b762b2718254cdbe3f81602c9,s9
3bf23d74af011ec98bafd0d7564ada6c,s10
48270abd5f188d145b62793122df4c14,s2
9ce6e09b5af7c924137da3619e6e5983,s14
d9a4f8c4f6eb4cdaa759185bee4b523d,s6
0edcb8489c964ab1c24437592d0263b4,s16
869d810a83ffa49e2ea7b44414708639,s9
a2a64d136321b0eb40e77deced28dc6d,s14
34dc9cf6f4743f2657277ec1a9a8c8b0,s9
b032555fd6ff78b923de086001c77c1a,s23
04118c35c50370f607a446b73bcdad80,s7
904393e8df9dd31746f9e320fd2ab475,s29
e64b7f24295cf80b003458384e7d6023,s22
abcf6d21a8d2cf47dbe548461bf8f016,s25
e7caa660b030ab507496e83ab75c6a8b,s2
5849552617f195571d32b813ace7d69f,s29
329a851d52f782cd87ca0672826e6c31,s6
83906f9308442ab8ee00ac413b7c66d0,s23
4ab5ada0e850b3cfc7d36a7b49172cf8,s3
ab8f9da484e0b381b92123ab5f2440b7,s15
22bd65c45291ef200ec0cff53006b478,s25
09e0c0f1490246bd8a9a941c523e8757,s7
a01d59cde37f73d43452e88ab45653cd,s28
e737cb936ac9a7b01ce3e55042e14cd6,s21
c4492639b3bdcacee4ffd0fc68e1ba4c,s2
de2e37c68d04a88c095f931ffe2de243,s30
0edc28118138b32138d15e29cd441165,s13
81ceaa29bc1c0ba5bab8f88ffcdab8cf,s4
19192fea115cca04cafa96bd7870a4e4,s1
c5679505fe7e20b99ab1e437c98344eb,s14
e7f89c76d948251968e58ca5d2e98c10,s14
4559b8ca6490e77977e0e789684f79b9,s17
431c8ed5b2901fc94907fec4d7d736eb,s2
99be95ab535c8bbb1390376271519c23,s7
b3c921d833365dcc67b30883bb807f44,s23
6edc181d962260345ca3ab235b28b64c,s10
153120a85e8ad49f87fe05a0e60d9768,s12
70e83da78f6ab77cc79f660e2b411766,s20
adf8bceb5149db2663cc0ac567917489,s23
25bea214b99bf8a12f73f8c51676ba7b,s25
e6d7548998f501d2ef2795d74486916c,s12
82f35353a1c2769e3f64c56295d687c0,s16
1c43663badf516fdb0bc13c78ab8e10c,s25
d779e024dbef977ef7996cbe5d70cc75,s17
18a41937606b5e98afac2ceb447919e0,s27
3a3001fdbf126faddccb1328c34344be,s28
3abd3f503b546ac667bd2769c49c7e89,s16
c83260d23a0e352c679a11ae5f8b00d3,s13
cfd2e3ff4d444849b2972710e9c08cb7,s20
5789927657b2855d0a748f5c1f15f262,s13
18f51361aa95ead7fa84c584a7a12285,s6
a1022dac8ac4ac0c94b428ed864f3ede,s27
619a540e3763327d97f10e5f9783526d,s6
5785c676e43fd3aff06228727b842d38,s14
8b9b047095ad83a8e4d525bbfe5775bf,s27
e390351d2bdaaabd467d705b9fe89857,s6
d6223361e996b1c8475442af1bde8320,s25
eabdea681e081b09e11a74dbde2f3e71,s12
069d8adfe9db63d12ad761dc35be7300,s8
28629b9675b257207e2c8410929083b8,s6
214dbc70869dfcf669d37ce8f9a1630d,s28
66403e284f7e45b0fa70f44112e76545,s24
1f05eec1ad5c01f92dc1de0aa0d54675,s14
c37a68cae282c36652f3a8df12515b33,s22
152ba868ae19ad7282128a3ae3ed6b12,s5
a5c269c1596aceb0e3dd50a66580ba44,s13
4d29f3b4d3189a91a586cab0565d7230,s12
0d0baf4a9e5890acf50d323ac6d5a326,s28
8135d70321d5e5227b0893c30d6022c5,s28
fd5faa8b258b94aa95917a6c7a841911,s22
c2dadff2782794140f1eb35ba20d1123,s15
b823b0e42a874575cb2e8ae417062546,s27
c92208e60257af8a3d569ae9f4076d17,s16
b4e3d267227ebadfafdb842ac349e8d0,s13
96f0b3434b7412231ee3eebeb0ac7028,s7
dadbf167c832f5bec0e7f0c9ca17f984,s4
2d811ba19f87d7e0ebf261029806ab70,s3
d8cd6962134d69d8562ec79b807d908d,s4
f4fe001063a66f0319d3eb2868e15d4f,s12
8f0f64442ba68fca452e796947e99946,s21
3db49385b64698877616d07e01fd1568,s20
2e83acb179a5530fc917e50107066f22,s4
219277bfd69bbf62cd84a786b0ed3260,s29
52627a372343f9d0ca03d1b126de50a1,s3
dc2399c47c702f3fd9f2dc52ff734aa6,s6
a20d324c30379816cb06d49f898ae370,s10
faa0bdde1a36cd1d71631904d2630b52,s26
9eb1a742693d87d7d291e2c9b7f34d41,s19
f73bb1101fb4b17b6b18e5604e00432f,s25
3fc6789e1323287bc77e60a845a36907,s16
a58d6ed6c97fda50f535239fcbf56833,s12
074d8b98e16478eea70a06c1b4cb36da,s11
83ee09aae4cba0328227f55b8f1cc882,s25
cafa149ae74b94bad37b6516c606894e,s23
5cd51fb2fe1f1adc08037c7842918450,s25
fb2c454f9ec47ae1ec04d50b156afef9,s23
ba19cbe95f09892df269659a8ed36e40,s29
d6e910044fbfb5ef546ec4cfc69b8135,s29
02e75ee5b31edbbfc50f1379838a46a5,s22
50a8c852fcec4022aacc9196bc16455c,s11
3812a8167415590c32aec318cef2bca8,s27
0e6699eb0b967114f6cde1655f41da85,s18
635900f55f2b62260319a23812ab5de7,s10
135f9394e275985aff2fd11712888ea4,s10
3f451e5c2506d3d460444fdd5840e74b,s16
f37a0d2fbf853fae240672878ade2de6,s27
4f1f2402a7fa9d6e210e9cf2364f24df,s9
730dc0802916200651d7c11066131eff,s23
e6d489511226c01c9abf74b32a5b08a5,s20
fe3317a4bc2a9bd8125a99c177417fde,s2
575583e53c2056f178435233e66a7df0,s26
b2ee77bd7ba30c8e6180744ad993e4b6,s12
d31838d1ea90908df8da781aa6bb4c26,s24
39a8c3b050a4150a0c064a469dab1ed5,s25
ef932c3cd2bb82e0094360a713d01990,s6
7507c8accc40aa338a041c5109a53e14,s9
967ab5a576df2fbe07540d20956e40cb,s6
5c1033720cf15f214ddf35889e9e47d1,s11
a330d4beb8e55e91687ef119a87ff462,s30
f7db3d4fab2282da83b618f72e6985a6,s8
df5dd0b4f3c8e88abbd096a3dec2fffd,s2
ce9e224606af2f26d00402791cec4b24,s9
bd80a89c774667fece4e662269fb638b,s13
66c6f3b50503c7f662c6bb1815d9d6fd,s26
9d76241c0342f0e7f63c9e9be6f40fe9,s17
2320c502a29b0aa966040e6aad2cb7b0,s13
a96e70b8f613c5cee066bf42a13c59fb,s10
26058710af855422f26175fbad0cb0b6,s22
c103bd101573563866589bd440e8e2d4,s25
67a3a627e7277fcd8398f29961263677,s11
2bd4adc718a7e82d8a0e036ec7d5c873,s9
74a2c9955ecfa6e5583e9993758d11c6,s8
addd3cb673efe9ef299851bc330e3b0a,s2
7acd0f80c330ad791390716cc448f2d9,s27
40e6704bbb0aa9aa1df646bcede577f2,s17
1bf00847d133dd2e55175097d2315a0c,s11
4eb59ba6d48e570886d51e38aef55cf3,s9
357e970c6fec021a5ad74a943ef0e66e,s7
230e0a0791641c5c6f0217c97c6cd3d7,s11
d4f994ece1a5a5bf50aa914075f207b1,s26
62b0093f8e9cb58056d954bcbb443335,s25
adaba1a305f4b1593cd294078f462578,s3
ee0a9e126de4d82e4502ecdab40775de,s23
ac6296f4b82d08471132cef702cae7b2,s25
a8019d64ac89f75ab2a15cf800062910,s28
967acdd41955fcf79e759420ec97bf23,s17
9709b2c74eb30bd54bc259a6d6d96e2e,s25
3640ba8fe1a24326720c948b99ec5fe7,s8
9db9d32567009eb01c4a5fe3b59f5668,s17
8d3b7c0c9ecd50311fb7945bed691e0a,s1
106ade267fee88debbd71437d9c82147,s8
ad1f695cf61fa5e79b59c03d548dea40,s5
4ba5a24c06199561ed6ec652558fe08a,s12
d54d468a71bd62f080bafc0a28a47892,s13
9d41d374e54a8362776bde9140e7113b,s29
49596b6447e6cbb2d104bec107471662,s12
716a0f4593cedc970f3223932a488d10,s4
a0a2fd80c989c532b216a109a52df3ef,s21
72bd7e64e184da08238a96a041445247,s17
2b6997922615cc9d81b87473dbb68c17,s29
b47c5dc436ad64512cbb9c871ca44017,s9
c23c3c9f61e3f07c2a685d38fb2ee83c,s20
13ac5c18eeb52f717fd22dc1bb906d43,s10
3663b6c89560fa668b682e2e939e1b2e,s1
54a094aaa6a5ff29afa059a3adc9057b,s17
8097abc850c683127fc2f82f4f31d2ab,s29
14f253e0c4b5a3f1056725c59c7d00a2,s13
892e01cbbee4a77ae15b8386e8f9bf0a,s24
faa7d6bde6bb61aefa39d0aab5ab676d,s12
2947a43724c3749dc7e8146caa66d63b,s12
6c3ecb3921a4723f433ce1b0148461b2,s10
44300b652988b053d615eea1e5afe8a2,s13
067f1395796242c4387502611b15b36b,s19
d86b31086a3ada1e9d10c75e37a8495b,s12
c650551561f358be715805f9bdb51d58,s11
25a9bfb3ead6fd6419848ff233fc1d06,s9
e04a669467e22ac7a477c67072115734,s25
cde9efaa677b449ba361f726306fed30,s1
d95e46f0df62726fd355ae292a13fb0f,s7
e9f9ec63d69a9fd0ea9e414623a9fdf3,s10
f9494aafa1383cbbd1d6a57af1b83727,s14
897f3bf192152ad35ff2f97f7f92c4de,s20
bfb6e30f0d894ff6608d831994cde483,s26
6de7e2237cc90c9253e723b7d3aef75e,s6
d4a1e6c496f676acec17fa8974854d08,s2
12489b9286c90b2d4664af6a1e2da1cb,s1
5c97bbc38edad20e5efcbf80cb34e0f0,s23
e63853544402ed5e6d7a8c9463b27aca,s12
d4b24d6c9b8ade72ecf2795bd756ea8d,s24
85281ae98d2bfc091d79ddfa6c415a99,s21
614be5c8320d076035e0687ee9680c3b,s28
07a3b3bfe7a463acb6477ccc228c94c6,s2
10ee72c893fb2cef81bdcbc51672be73,s13
bab8de39e4fb47200b4c104dd94608ed,s7
459e3efb4680208e414f3732886b3a1a,s5
d9e50f6177f0c96c675e91fca85983db,s11
f1bc80ba16aa08ede3c4e41dac30f761,s2
2396d0c0c4deec4a6d1d385d6fd530fe,s4
32d1ca834f73621bc604ae4ee723d4bd,s19
9e30d8aeb0415525d8cb209c0c60f670,s24
2797da440743eaf957bb5f75085eda61,s24
734a119704b8de4e13e7bda5adb79417,s25
04d7b36438312916e6f9b37a2049719a,s4
0ea0151317fce9ba18bc1def07108900,s6
d9240624632770d2c0eecc66eec16cb4,s12
c8b82be778028511ffec9b0366d4caf3,s21
b4231d2bbaaec46fd3bb4c25e9a0d43b,s8
ad8a64406ec11d2946da2dfbf26eea6b,s19
353e236191a0bcdcd8705ba7d87ede70,s11
1240f9530525fca0d319a848367ab0a7,s21
a116694d2b3eb4cae7cb17764ce86bc7,s27
7c131ad2aa7bfd0c50d6dffd1ff65a30,s2
0cea025d03569bc351de70c404e87709,s3
8247cf4425076e5c9b1bc639a4666b2a,s22
5c9c2d275e2e42dcbda8d03373aef6ef,s14
181bdb970f31d2332d28065546b650c1,s16
873a59f06dbe72c3fa0124e2af650576,s18
6e72eb3c5bf8e707eb446bf3e3aadf34,s16
df66a901e2419191ca9c02b779842094,s6
5116c69b0340f2daa110c5f551e04dcc,s2
40a170611a7d101b8f41241d0d4fe9cf,s19
727756b68489a47d9fdfdc9f7db808ff,s4
c554f15e5b1a77b08b2d46b47a5ecff9,s20
37f473f2c8c8c8ff0ae3c6c70d5edcf1,s8
1fe9b92c4b6323aa71397e6daf296f9e,s27
003ac5e02535134870387a7739adf7b4,s10
80c383372d9977b188a393f3d3c7984e,s18
7797f870e59193900863e87413e7fc18,s28
3cde4d678916901019ca913ce8850768,s17
016e01577244a68776e9d9bf2c791592,s11
0c2a56f1993858ca7e1ee41a7ad8a86f,s6
8745d7355ff2c83bb6b33cfe3a550f40,s7
b5f2374fad023790892bd3359464fc8e,s28
6f0688892781c6dfeed7d5869cbbd3ed,s15
a0f33b36d2e47655334c53282ebd307c,s19
06dd5e41974bc160649c8968d75ea910,s6
faa6f90bfb5014c51f6eaaedd5dda85b,s17
664e300b505a0712699ae54d1689a7f4,s24
2f81a582992fd69e0fc6a72cb8d6f16d,s4
2a05f2d4abcb023aa213b8b87c27d4b4,s1
89aab001b856d73c6b9054b481044c69,s25
86b9537f7a5a776dcdacbb6de4b4f564,s6
7fa5c05970209d28fb164d3369d93155,s11
2eacf0250684959721ddb4a9fda5ac94,s29
e8cc8fe4e25ca1246df9300bdc50f83c,s14
03bc52c209848454c7e8fa8cda5022c9,s23
81b5ebef03ebda067b1be91717ed3d92,s10
cd5228f0c1709219ddb621b690cfbb55,s26
6212dd82c7850d14b40a4e0b532c71a9,s19
47702ab0f98e73a466a21d9d9ee662ee,s28
5d12301d4a5785e4c8b993941a554bd9,s7
b06162106aacef818d9a6c21aec861a7,s5
86f725ac729d6cc19fc8aacf118d4216,s18
2ef7fdccc3819c53903afc99de6e86df,s3
400e274d6fd4bb4aff4725413a08fbf0,s23
b153957acaea3e65cc792a8e5bda5df7,s5
c491b9c1578f32f265d85c2accef51db,s30
1d4df592399138748c91fb574ad84b36,s22
88e504f08696ed7f03c5787b91c68ecb,s18
b63e18fbabe6b28cf92aedd4a6e2d50d,s6
75679c45af9e66ae35f6e68caa1a51ca,s26
d91055a4e13efdcbbfdea4f0e84f2fff,s13
696ebc9145b35da491efd95661cd8c01,s12
c33c671df88da85d1ca9c20b7c8c4127,s15
b6a0a8c957f65ccc89a3bc7c030ab467,s6
e1d65f1f273ac1c2c02b142aef2d2b1c,s8
a0a2b4a47b4b4584eed67bfdf6c7277d,s24
41b5639f9e40089ca4545535005e1b9a,s11
d2f6ef45fe031d0a28e2d6b83d5b155f,s9
15600bea7b24809a4d41c98acce20494,s1
d244958c9c197e6f6e5f5edd5beee708,s4
e6ae87f2aa18c34193ea3871b99606fb,s1
6f2164cd9c2620889a926a3f35297a2e,s13
98e0514b0539737e339e054400e3ea15,s5
d3530abf31973c4b5e3955230fedd15f,s20
f77d5715ea70e558f84a669d34f8bc88,s12
e9fddb293a0bb235add92b48f74f15d1,s15
cf55e4159b26586d35dc8018ebc17ff6,s18
2e11c2740fce1793fa9e933945247dc1,s6
9165ab8901f361511d49c0a5716254f7,s23
473618eadda887557900055177898fc1,s28
73b40eb9ebfa700fb29c1820fe337418,s18
fa21265cc57240406767c06dc145eb77,s6
88fdb407e79232d2c44860d0fe6a3c9a,s7
4c5a025175da591ba84affcc7e4a2b0c,s17
fa5d15cf4cdbc8d29f708e7c150affeb,s5
fdf443e596e95ea937e29d43e954ac43,s21
6661f61400cada427730b575a8ca7e1d,s1
292b6a847e4180ff6a3b9a52f003fa66,s19
a10d385f45dc576f0b1db59127984934,s29
e977f26c491c0f679228afd9b0bc75f8,s20
85f57522f31ebc2c50a1de189c3ba4a0,s8
501f809336aec15144b344a5f901b76d,s12
cc1b22a62edfc99ebd48bfa3c8ba22f0,s9
713a7597c0c604ffa26727fd9e0910c4,s14
280de37f745e225b10ec02073c3bdeaa,s5
cf1a91b847e30d58a05e32036f637819,s12
7c90e64b699f7c4617250a43ac3df8c0,s2
560d839f54c64272cf62976a927de591,s18
6ebb8d3288c326f69f83ef5ce9965e84,s20
cdcda7f3543bd63dc91c042f125978e0,s22
9cab6dc27ad4119baba25f5456b151a4,s24
f39b605dc8df9af60084705be3d2688f,s1
4f01ec565f3356457244a63a63205ea9,s25
f7b53e801c8eefe8b5b773d579951234,s22
e87d0962c25cd0c2ced00a53f4d13781,s3
70dcd46e72a0db0dc402b09fa326df7a,s21
93b8cace4303185e5fcc9023fb989822,s20
78503b90c4b51726fd9e6532ef831fe4,s29
5c9f4480db8e79175e454d9de6a95c7b,s22
71de56391b0279492a823c3702fe2747,s2
2ecbd60ce685234a4f72f8a3099186b6,s1
e0831792a1b58c6abe883645675747d8,s25
3bebd37a014dedfd3b31a1442f9648af,s1
e125c77b0ff571b54ccb72517eed9ecf,s5
6a430114bd781793bdefec976669fd01,s23
7270ad7bffedbd36d27e3d42e1d801bd,s9
e1ca725344b999a1aaa454fe4fc76cf4,s11
d089b8882915fbcf6eb1b110d7b9ff8b,s8
f736481f37ab98c71a084428c369ea3b,s21
6eb03f975db175666a8a85c79008f3f1,s20
3d0cddec3d975324cd84239f3d32cf6d,s27
ab50145b4213a891dd2b5474a099bdef,s19
8e532cd6fbf241cc57ec24926c4d7721,s18
a56bec0c3cebe233a334246c3dddc46a,s17
756e408bd7dd574cc2121d093d45ee23,s11
0ccae4dd95ccea09e518ac313448ca4a,s25
c883e6be307c60f23e273feecbea61c2,s18
82d11c99bf7583c485b800cdc421c1ec,s24
4c406cc12395075fdfb3d670d3caa372,s10
5ce8d446e99fadc3b7bd99abe7afa7ab,s7
8f76a7323e429af51ea0ec122b692fac,s19
f1a555ca01056332668f371820693a15,s21
80157a27fcf3cddfb59d11dc3ff29983,s13
2d7c9199e1b2de5a7da4733f5a7133fb,s8
d17dc678830900909d3e1426bdf44591,s1
92797295e9531c0e7ea7a74903cf1b74,s17
57dc18757ed259e82926b06c46423415,s20
0550d09879bb293637bf34a8d118d53f,s11
683c2d95d64f6db2c9a19099fd30f3d9,s3
9dcd8ed0805b8fd023fcf6ea499a42f3,s29
74f8a3487f9f65ff8550e011937679a3,s22
84b781234f8b83e317a1d36f98747726,s20
3dbf36276e194602d25107a63ad7c932,s17
a5863bbe199deded41944afc31f32b65,s13
3678aa9d173990103d4eb05a6ed74183,s9
6e0c55c4e397c52273840df79b2f8570,s11
43f154e9dd32c0fd1d8ef7ba6471053e,s15
f98aa66e4e520b8e881614bf1f0fa9f7,s28
1409dcc1c36274069ad33a2459ab86a8,s12
893428425d39583308f5fdb48df34328,s25
857ad744b5f38c311bdc4c931916dd5e,s18
e16eee3f96a0a61845abd7b69fa3dcb3,s21
2b40acda925ac44d7af18e0eaf88fb57,s19
70870ad9417ffe743d17ae1664bb839b,s30
d707bd2ec1ace992082a953df8cb7cd8,s3
82589215b6ed4f2b73e1213b66f0fc6d,s5
5baf69f5767b063b4e21661d6fa49065,s5
d19c2c193fc452c6a51ced544e356db9,s25
aaa56546838854610afe97e455c437bb,s7
cf8807e366caf434e339c58f754428cb,s25
7c32a0fa9b2a05c25ee33eeef64814fd,s12
6b4deff7e0fc975794f71195dd01a497,s17
340ee513d9b76d015dd433da43159962,s24
eb4eecd4b43c88ff79b7098d55c679ba,s7
47b29dcc3f6dae0f27b7678613549602,s1
1b67df03f16c61b1f80b0d6d8f696d22,s18
3e6c014c8cd3232411d084befe2a334e,s7
2ccceb7a67d9e7290bea84dacd4e1a0b,s19
3db044ada7daef3e23d5f5fc676769e1,s8
90d8686daac13605fa9e1bfba0fcc99b,s11
3636de6eb8b7264ffc94754388b6a70f,s8
eafafad457a7f270993ba8ca86b9bac3,s11
a157c5074c8f90c1b60122daf87470d4,s7
f053c1f2249fe09bfd29f563cfc2985e,s10
455be8074d4e9b7897b11ec52c6bcaf7,s24
49308807b2c6b8638cef524766f0419c,s4
f1f49a40faa9f966c1ee1ab20d980340,s5
3f393953af8943721385e7116eefbc4d,s21
0d09530721eb7b0d668d5f949505ecc0,s8
03991ed6a010bb0608fd52b6957cb1d1,s19
66781cca5c53175a72452c1aea2d1b38,s22
f41c2f19a88e08a16e328ad2971eccda,s18
6e2668bade8286792819ba9999c44c5d,s6
68b72f6e220ef70b0b514f0f40570f42,s2
9105630333b9d2fa6336a8a72e17c130,s13
a4137aa9f8c47eba5d0d5fd675e68999,s4
99f77a80b0ee5430b1ae6bffc80ffc5d,s10
c1f308cd4282082529a766907981aba2,s29
aa0361719a51c4d907695a77f70958f1,s4
2c2bd28e3063d775ac09220d9bbea4ab,s15
0a9d62e1d335422d6c8de7321fed1a18,s25
1d1602759dc6f1e7b7e0d981ba053f90,s27
c191af9ed59da2b7404b1029266d5404,s18
66599b89936b240425ac888a9fa144a9,s6
3ba51174622a2bc3349857bde55916f4,s2
8e9e7a8870b26f7e034f2456282bd363,s11
c1fc1da60fdee55d393be21c0620cc78,s16
2800c0a739dc2a06efc23287d14a4644,s30
6983370e2e8d27b52e882d381ddde081,s14
0b228eef10366840e59afdb30747ef6e,s4
93a1725c41397950a1e7ff523b8c9bd2,s9
0fd320cff66fbb8757f236750d484566,s2
30294752b47b59a53694379162154f7e,s2
dd46cbe56c342c4749f5468258eeb458,s21
b40fa7a131947364296dd8ce808ea992,s21
c4b2812d87c9fa0c5d42c1b70e9658c8,s6
8bdb5e84af4eb910a4733e6ee5a4b1b1,s3
128c2fc4d722c406bcff9e4178c1045e,s7
60f1947fd75fa3e54ea20da8d16b5a57,s23
5aef0e7d1923f38fba93d5ffa9621b22,s16
fe564ef1e5852d55682221ac3f08c7e2,s14
4ca4b742e810f1de5d1b463a7f1a6d1c,s17
c749dc50e9749b30e495e7cb1bef7437,s7
69e20d89678a0ef22242b892b8631421,s28
c494ff2e78345021f61f816a4e6fa0c8,s6
eb76814ecd15a9cc52c29dcae8930cf1,s22
e93f4c20344bb7e488ba2ca5ece0a2f3,s18
5606fb4bd36c61f62f0edfe465b9b145,s9
f6c6c13fe87cd7b9099d6b6684fe266b,s24
63d5df06e347bb7916e40db3b2d73da6,s20
b3302c44cf6aa78577944d2ad58278ec,s24
772158fdfd6f9ab46bf1cb991b2bc5d8,s18
383cb3cbbb4b23c314f309eb1dd66918,s13
7dae640356cce35a2689cae731d6e263,s19
5d337adb69a708548fe109a59605f785,s4
ea8e1ae119d902d944a5964231dfe09d,s25
8570fae760dbccb4da29f51ac285471d,s27
d4a7b1c5295657d04585f747c89473c4,s16
04b3abb7171e7e0e16db4283fec515df,s30
ba9e4be0dfc69e89c5d5ae0613334eb3,s21
1cfcd795e0367ce3e9468e4d0568793e,s7
b5ba5d3a2fd94232a29b8e1c19ef790c,s9
4d8dc3777ef8fe5f975c13691328e675,s30
2b413e85a6d8a7a0611f427feb3a34b4,s28
50156b476962c565c882285731db904a,s7
1aae6e136517ac142982affe9f2ba9c5,s30
f94a3e6daa421672040c5270649b046e,s5
7fd1dec9cbf427d803528356933a52ea,s8
a1317479a34241c7928c2c8207538e55,s22
00c9b34c04b91e31679176fbbca24efa,s2
a85ee6a67967bf36b2520ad3b8813b13,s27
a805caa1ddb9e4b4b9f101b827bb6a7d,s10
853717ddba7f76377cc185acbcdb70b6,s14
00a98a092d8c46ea3650b863466d6062,s6
8145940ff86baf321a5a04f324acd5ad,s13
a41f1edf5f31aa68fdd77f5c8bf9a0a9,s25
64529aea5105b31eb4ca7691f645bc1c,s5
0dcacd66bfff62fe733202281d335bcb,s4
d7b1e2da3bc45dee46edd96c856fb0eb,s29
8e4405819e0108a89ff0bcb947996459,s19
dc27f3e6966166173d5dd059032b1577,s19
43c69e11b6c44fbe827464546417a52f,s21
cf89da526ff1a44c34969c5fc90d686b,s12
1828114e1ed5afba698302ee486be518,s13
084400affd5cc91ccbc037f82704e0cc,s7
bff143240499bec2734a656470b20cab,s5
8a96754d0863b5d294334d86fa214247,s3
e4b615e5e197c1e691fab37e65caf4ef,s8
6998f611d0e6c8b6f2a2018dbd4688db,s9
b6797e9174bbbbebdb03b6486af8eff0,s21
4b5223321e693c4194cce1fdc3a287d6,s26
38becd7645ae7563e29ada46e6fdc3ec,s30
b5fc2369f7930427e74141a034b9b740,s16
6ced6a2ea612ba479b70a538bf1f0be8,s3
aae948c623933104473864318e990d21,s7
a81c9c21bad9b7877951a767a7e75fd6,s2
049509dd9ae5859945142ff27401b0ae,s16
8a4232695b0ee9ae3bffce847bf0a1ed,s25
68ce54cf1aaa4f05deb6fab5dc9fbd4c,s7
3c71b9b73c9c624cc6c5e72920173770,s21
6e02aa77555c56b66d28c25fac0bbd99,s25
fdcb0288a9800b5c816a78ef97b9287c,s26
d57b9ca5d64ecc75abeaed46e0de1957,s11
cd4f6853e9c8417a84cfb0d3b4b8ad94,s29
8953f5756c087c5a584c4f7d6a065633,s19
d2b17aba18bcd66a729b212ef78d9701,s7
3f986d940f79619fc6191335313539d0,s25
a98ca95088a67fd0e79cc43072d72759,s18
996e42d15a2886458da9e9806bf1c00d,s2
20b5951e6fd3ae4cca036bc47b5b2072,s22
9683c9c996de7352509c1750b3aae242,s5
cc53464f4653ab2f8a08b620a1cf3e21,s24
0053b1445b04d3f2f5fc90b32a5c9fed,s20
b1735dba07b072e6084299b97d3ff3ec,s26
85027e29927e05c2951bc3c2b48a2e29,s2
c024f30b74df92c9c1680d6484906bb5,s27
d89cd43b4d72d504016cb6ccca60990d,s2
b8d544324e3073a1366378723bb66954,s18
b5c081d7f9cdcccbaf94e26fae0d65b6,s27
eb7f72286cc60d3e16296258d337db1d,s9
101e18d22705399bd5ab0b4e8e80d1cf,s3
0718e4eadc8f8cb0fa2be1da4bebf607,s14
27da2c2764987a691008526d6ce19421,s29
bee6195bac3f8e2f22bfc3d1c634f2fb,s17
2c2491ce87040566b6d2a965df64c14b,s24
2f898f2a0fa7a93635f0ab6966315c21,s23
b7c61a49871c804e30449bcdc1579c41,s24
8e6595c952a7b32b864a0545dbbb5bf3,s26
f0d0022f4c3f469df5ce796ad9eb4220,s2
95fcb83ce5bded6f041b3e4bd7596b9f,s10
beaa88a864b23c76df80ca7420df9294,s9
1be83a0a6f6a501eb1de52903a613660,s18
a00f63923f17c94379d70f3b56148d76,s14
f2a9c491080db8897e33990a8bc19cb9,s3
6fad60336948543863aaf0c4da66d012,s11
ef95f17f9ae9e1d63c616ebaaa88b0f0,s16
850868b48361582dd0137d23a990f464,s3
0b6c911024125b35b86db9ac7a9a0aa2,s23
c0596cf21edcc9e80c1b448b48c91ab9,s18
9a24acf4d8f76573ad396735403b4408,s20
9be5b56ea8e4bb516a44d8cd4ccc5dea,s11
22433e3794649c039064745b89428cfc,s9
c2ad4f1928e1a2b3561b5e74d081dc1f,s18
236794e101708b92d14d0522d7d79769,s21
b0dbf0232db523e94aa318b38d4dc541,s12
e539052b21ca87866ebd71ef9a7817b8,s30
f18a2273035afead5a1048c4051bfa92,s25
8f728eee8e9e77d886c30671dfbdb3da,s6
1afeb7ada203c5448926556c6bba898e,s7
c67cd86e6e3cbc06dafc645b82b48f5a,s12
64ae393c0930c54dbcf83b2d4baf3d7b,s8
0b8178b76a3efb4710cde730b76462b5,s2
aabeb438291b7ebd93cd1c490f44f2c5,s15
3b92bff617d1579605ac75d732d3bc7e,s10
577567d1bf2031c2b716d149be63a6d6,s15
e3ad4a7df6ed8d06975225a6c840c6c3,s29
3bdb3456266a3e7ff9c6bb33128a5ce0,s5
7573fcf614734e700038f5729ad12045,s4
6f63bf8fbfbf938eca87e91778fe35ac,s28
b8a9437fbdd9c87579e69e7de10b4f1b,s24
89b1b2162e99f2a5e5944730cc9008ff,s17
9f128f507514eda37c108cf7fb6323d7,s29
e54de911b0813fe267ec6d81cf6a3056,s21
2ec663ed195f573cf0123b421cd17aef,s27
28f60794daedbb2ebcb5fe77638c8b37,s27
8139e34fa12ad5e3d69c37c642b73114,s3
741bdeb40e91cb4ad33273d364940fa2,s25
8593ffdea486830ab5cc914cfd313f4b,s25
14d38545dd929af6bce6e3df19b19760,s13
441b3c2e2ad711acac82323ec9a86cf1,s14
dbb4cb72543d3e68eac434d358ac04a1,s30
4b715c28ff1e34f65f20d6b04dd2b41e,s11
32085be3cb4cfa7559ff12e076d95d17,s1
277097ed377322aa6563d49cb60e7194,s1
1642f5e5ea4ed11de2e07c12ff7d14d2,s8
61a7e161f4884afe32f674d82052a811,s10
461441510908e6a677bfb5f542c1ce37,s15
719aa2a901e18d96cac33c2a486db452,s21
4f136a0dfee7757be561933f6c6469d1,s2
122088eac8fa215d86c0ee5e1a4995ef,s14
4d204b26f357636bca0fda16320bb43f,s7
2492dd07521e109ddef0d8ddcc038bc5,s16
c3878916d6cedc05bd0c26c15776bce1,s22
18a776d64da62e917b5176403a604b85,s27
194caa863a4e3ab6fc130fb6675bc211,s14
c863a0c9532abc19d015909d8d504a17,s21
505a4f652e7dca546939a4ed8860eefb,s14
79f755b4e5bf74f21c695b8002b4b197,s13
c670bc777f502ec6963c23cb6e6ecd2b,s13
3ca72faf7d6b68957a1dd7695f3a1fb2,s24
3ac93b78bf5d1e7a8fbe0181207499b0,s3
2958c32893d0957fb248d161524134a3,s27
527dabebf3fe234d5c2656c77d610f33,s15
d97c3d2158472c919e78a748b57a6ed0,s19
2e0de972954a659973905bdcf512a735,s8
e8ba21466aa8bc8d27ef18a46bcf73a4,s12
7fec7a1ca2ebf9daca4f26a859c3fc72,s23
76ee4ab5003e0bf99b7f78003a690f8a,s26
0c32f234680f7160f599d85ce10a8e8b,s27
d3ba4107cb157fcf36168fba839605d9,s23
1856a210b367f790765a62d560ff04aa,s26
a57e9e74bbe1e18b36c009ae6ff75ccc,s21
402abf0dcc329fdd8832f6f61a8889d6,s21
deb1f13731d9c2702690a89991ed431d,s10
50675c080de0866fb78a9e54b0d53e89,s25
eafd455f011306898706a74724b33d16,s2
ff9a30174ff043023cc56d39e31b9546,s9
b7454b848a15bf2988b95ed76247d12b,s8
feb6cfc2ed8eb7fb90589531eb5b74ac,s10
661d996a0230e0ae99c652cc6c49dfdf,s17
f10e9e5aeac03835c1f82c263f07ea8d,s6
4fc6912053bc28e930a3e32a1f51fae0,s16
aed84ee81ed0e1335bf4a22d1c633201,s5
524d3e6013f7dacdd80024ff73847c32,s16
e2d2e8f1053488d7f7708f675c6091fa,s30
39f93b0324cdc4ab0b236b54cb1262f2,s21
3a988f580ff42052ed15a2484057718b,s6
822f34ec54ea1a8b3a9d27a45db6fd34,s16
fd390d9a5acdf8990fcff77fcf4973f6,s11
80f2c5fa8fcc53535d8c3360f14270c0,s15
2f9dd77b9948d2e17ec25c317471e609,s19
0159b959aaa71a8b56d3a7e47cdf0e8c,s8
8f50a5aeac8b129a3172f23db1a29a6e,s29
4d086ae019ed2067c130aa8697d1562f,s28
44314ed3131afd34e4f9c5d2f1c43844,s1
bb8d5bdcc7541ed4cd3f5116b253f5e5,s12
c5a3f0bbc14267642cb14dbd85b0d4fe,s19
878c30ced9365df9e210aa75126ccd69,s10
d1f6704db9b751c5207a076a50300002,s19
3038433f384f5274c6cdec11c000bf34,s4
67988061d06bf352c074b553478f51c2,s15
abcd82372291b0eb97835939df6ccc8a,s2
710e2f05c5ebb708108401ba0bc81c9d,s23
55318fc843669c290b3177d8eb370dd3,s23
d3395f7c4bf9f4f1eb2dc800a8db96fa,s11
c545f1710640e9adc61d346120b4d97f,s10
0ae48400d7f2107c59ff6aced08c934a,s2
a9a70766a88b4534e31f00f85d647bfb,s23
81057a7dc1b6bc1d29d39521d8bed57f,s19
ffb23b124b5349585bc4f9cddd4cdd77,s18
65bff8c48b0902a6f8ad87e36eec1ff6,s18
5671180c69d5fd143957523bf17cdfc4,s12
5dab1f2a2b42f9d2adda44c328531294,s17
65ffd562dff4076255ae9b34fbf23a1b,s10
5b5dbf57f61b51dee5ed910686c6e9aa,s12
2f20a7c2a1cc2ae6917d2198abce2c54,s12
101c2b59375b09b9f87271dfe26e5627,s5
72d88180504083b35bbdba60b77c5ba1,s20
e255b93bd6784e77b8bddce3c4ba582a,s22
3e582043d7c88c593b247ba59bdfb1eb,s4
672da4d920fd76bd25d5243ada2e8599,s19
bb9e5e916e66cf9c9499af7523e7c82d,s26
f6f08b1b2f7aedb6d351a48af7b2487e,s7
ab5b9f031f21662f6927277e07de9bbe,s30
6b8c735aa7a752a446b49e2576d0ed6b,s22
baafa5de2a608377829b0b0c419431a4,s1
e15b52caedca3b091acb43ac9f09a441,s27
886726ceeb3af9b291bcd682abb18baf,s7
b7f43fdaf7c0a266c9abb76835e714d9,s25
e7e320e076b35e3b4f06c92dfd621c94,s15
7f972f4154aebfe4ca6251f0d097d4d3,s18
c3366a85c2d1d7dc495e35580a414c7b,s2
2784b4d659e3ff0bcdb4e12a71bea59e,s13
f257fdac422f5a0186ffdc635dd0c224,s11
69b5c62021822bbfbd7789abe5e3dd05,s27
c2abb45ca9349b4ef37ec1b0eb75191b,s9
4ad956fbefeb9b7de41925aefc76de39,s14
3265ffeb12302f2eb70f3412e4018f71,s9
c0f3b8feca3fddba970b076fbd3ef97f,s20
d37e8a6fbbfb884bbef25ea657618f3b,s11
48dbcb0d2c9b2fb915a755a10d539eee,s23
27b549bf06049acbfd9edcf3e7e79b30,s20
189f5327388fe0b69a4d34e8ddd5edd8,s28
dda5743fc10b114587ca7276e5596933,s20
9d007493a8fbf1513740911f1397cd5e,s14
dadba6c66ef5ecc3434b5c5ff3c5adbb,s8
3460aca9ef448bed01649075d968aab8,s21
d6b3b169b6b0c47f411abbbc1a8c10dc,s16
3e54d4df349cbf0082f0979c080c2255,s27
152984553d2f32040516fcf2a014074d,s17
c0a239465266564a71bebd6a53a4dd18,s15
6d711fda208873c2750473632f85e62b,s2
bef5323079624509df7959bfe43ecd4d,s20
6d50c92f5c4a7c130c5c0e9c003d0b9b,s14
aa27281aeaae3caf24b461747abe049c,s7
7be4c5b4e6680ed837a8eafef5552a49,s18
aa47f509feeb36830440a1f279feba4f,s8
65c60dd09b856a9ef711866f21d2a51a,s30
f263c6279dc1d939d06ee325406c1739,s23
a45c8d9484ec59e6816fcf57be1033c5,s9
b7f97e460fbda7315bc1243a16df60a9,s24
3a69f4121652ef22f977f468bb086c16,s13
92543457020b6101baccdd568838fe1f,s21
e113163b4b816bcd19a015cf0b716b14,s3
98fd24b628092e11e26fbe372c382dd2,s28
604924c4791fc257116b0227db4862f0,s18
8d86046cf2e95c6fad7c0e95722145c2,s16
4492392b79f98d3f0467d41f30a304f8,s7
7669e03e2c42830c1e919ffc48d94c0f,s19
6f26f3bb29fbfa2fac9280264639310e,s28
3163082802a4cc083ef17d7be0b383b7,s18
6de8c187eb00a6d8705d9a0180862c81,s10
37c141b3525a02dbc6e13437daafc1e9,s22
5e800150a0d90e80a15267d9d51b4e84,s24
0b48d7ec087808ed3908f7761c9d068f,s25
3d9cdba9a8041ac7a8e72dbb42128290,s25
3422ae6f3068c7dc030a2751a67a498b,s6
81d7179087b40450608cf1dc6f489f57,s10
13ba0686d23868c64ab4ea29cb5fb912,s9
f4f60caa6fed1f1435a79b74eb831a71,s26
ac2cc8b6535cd02689d829f54788585b,s14
80ded3fafa66e70e2339f5e883b33e79,s4
171334a60682177a01e737a490419192,s3
155292600b14260aaf1635518b64908e,s5
0e156f15eee01ffdc54f985b0bce6b75,s18
9ee3022fc0c909931d227e2354431ebb,s24
cc69c995203d5efe184f330d8cc4ad70,s4
7d8b870a06281ded08adfe8bfff3d65d,s13
b5ae8adb2d3103b14c40250b3f1188bb,s27
45cd93d749af7f778abbba394890921e,s5
d372ad851a80fb36bc8c25737fe43259,s12
b986e344dd85cb61f8c8598b5288b5b3,s3
27d5d544d822c2148889bd9ea79c8f6b,s23
e985c0007c1092e7e582f96b8e32defd,s17
47de81e562869f1cc12ddc390e5d1e0d,s30
f760fd452d21036cb0f6759471d738ef,s8
f44a22fa4746572816136f4ed99570f6,s1
8177150833d90fa5113fd862f887cab5,s23
4203f961f6c82b57cd98c5fe8eab1c79,s7
4e7a57580ec0e1142a145eb5a3137f80,s18
9d3583fe114ae2b777a71c7717192ac3,s19
ff1332c088119094a1498883a277ec76,s10
80a096d8b8fa6de6fa90c53accbda094,s8
69a0a6f1104425fe4cc50a3c16eda955,s14
53384e051361a19f26190b9d7fa90d64,s21
f14b41aefd4b343bd1a4462a57353839,s13
f4ccb559134ab6144520bd42e712b9e3,s27
a6206304257b6d222b8a3f5dbb678112,s1
5c5b70afcbe2b5d67b2c7a6569cb217c,s29
70cb74b7c71e1a0d5efa9bc1ac83a8dc,s6
daca09b6ad7b0332784698271f0b9d0b,s29
3376b1af009ab0fcd19e5d15989e7b06,s30
ccf67549b4a8535936050d76e57b88f2,s13
4423064dd59da9151105c071b273de0a,s20
00d0456ac06f6599cdf304f0570b6493,s4
a53a0368773527e38af162b86b6984a6,s5
28cf08b4b6c0814f538b9d8c65ca90eb,s14
5c2531f55c8a0c7d37a4873b558e1fa7,s17
d4a5b0398dfe315142480d704e6adffc,s13
1c1d4e448c8a7ec4b3ff9569bb19ea37,s1
e418c88ff47d4996fd5520e2bbe13d30,s12
1334422236f8807084236a203db4e2d7,s23
1824ddbac87fa694298d858596259875,s7
63ac1fadbd15d05f572ba1ccd3e7008f,s5