﻿runtype,xml,input
baseline,baseline/XMLinput_baseline,input_under_A20.csv
HHC_cov_20_dur_lifelong,rations/HHC/cov_20_dur_lifelong/XMLinput_rations_HHC,input_under_A20.csv
HHC_cov_50_dur_lifelong,rations/HHC/cov_50_dur_lifelong/XMLinput_rations_HHC,input_under_A20.csv
HHC_cov_80_dur_lifelong,rations/HHC/cov_80_dur_lifelong/XMLinput_rations_HHC,input_under_A20.csv
HHCbmi_cov_20_dur_1y,rations/HHCbmi/cov_20_dur_1y/XMLinput_rations_HHCbmi,input_under_A20.csv
HHCbmi_cov_20_dur_2y,rations/HHCbmi/cov_20_dur_2y/XMLinput_rations_HHCbmi,input_under_A20.csv
HHCbmi_cov_20_dur_5y,rations/HHCbmi/cov_20_dur_5y/XMLinput_rations_HHCbmi,input_under_A20.csv
HHCbmi_cov_20_dur_instant,rations/HHCbmi/cov_20_dur_instant/XMLinput_rations_HHCbmi,input_under_A20.csv
HHCbmi_cov_20_dur_lifelong,rations/HHCbmi/cov_20_dur_lifelong/XMLinput_rations_HHCbmi,input_under_A20.csv
HHCbmi_cov_50_dur_1y,rations/HHCbmi/cov_50_dur_1y/XMLinput_rations_HHCbmi,input_under_A20.csv
HHCbmi_cov_50_dur_2y,rations/HHCbmi/cov_50_dur_2y/XMLinput_rations_HHCbmi,input_under_A20.csv
HHCbmi_cov_50_dur_5y,rations/HHCbmi/cov_50_dur_5y/XMLinput_rations_HHCbmi,input_under_A20.csv
HHCbmi_cov_50_dur_instant,rations/HHCbmi/cov_50_dur_instant/XMLinput_rations_HHCbmi,input_under_A20.csv
HHCbmi_cov_50_dur_lifelong,rations/HHCbmi/cov_50_dur_lifelong/XMLinput_rations_HHCbmi,input_under_A20.csv
HHCbmi_cov_80_dur_1y,rations/HHCbmi/cov_80_dur_1y/XMLinput_rations_HHCbmi,input_under_A20.csv
HHCbmi_cov_80_dur_2y,rations/HHCbmi/cov_80_dur_2y/XMLinput_rations_HHCbmi,input_under_A20.csv
HHCbmi_cov_80_dur_5y,rations/HHCbmi/cov_80_dur_5y/XMLinput_rations_HHCbmi,input_under_A20.csv
HHCbmi_cov_80_dur_instant,rations/HHCbmi/cov_80_dur_instant/XMLinput_rations_HHCbmi,input_under_A20.csv
HHCbmi_cov_80_dur_lifelong,rations/HHCbmi/cov_80_dur_lifelong/XMLinput_rations_HHCbmi,input_under_A20.csv
HHCboth_cov_20_dur_1y,rations/HHCboth/cov_20_dur_1y/XMLinput_rations_HHCboth,input_under_A20.csv
HHCboth_cov_20_dur_2y,rations/HHCboth/cov_20_dur_2y/XMLinput_rations_HHCboth,input_under_A20.csv
HHCboth_cov_20_dur_5y,rations/HHCboth/cov_20_dur_5y/XMLinput_rations_HHCboth,input_under_A20.csv
HHCboth_cov_20_dur_instant,rations/HHCboth/cov_20_dur_instant/XMLinput_rations_HHCboth,input_under_A20.csv
HHCboth_cov_20_dur_lifelong,rations/HHCboth/cov_20_dur_lifelong/XMLinput_rations_HHCboth,input_under_A20.csv
HHCboth_cov_50_dur_1y,rations/HHCboth/cov_50_dur_1y/XMLinput_rations_HHCboth,input_under_A20.csv
HHCboth_cov_50_dur_2y,rations/HHCboth/cov_50_dur_2y/XMLinput_rations_HHCboth,input_under_A20.csv
HHCboth_cov_50_dur_5y,rations/HHCboth/cov_50_dur_5y/XMLinput_rations_HHCboth,input_under_A20.csv
HHCboth_cov_50_dur_instant,rations/HHCboth/cov_50_dur_instant/XMLinput_rations_HHCboth,input_under_A20.csv
HHCboth_cov_50_dur_lifelong,rations/HHCboth/cov_50_dur_lifelong/XMLinput_rations_HHCboth,input_under_A20.csv
HHCboth_cov_80_dur_1y,rations/HHCboth/cov_80_dur_1y/XMLinput_rations_HHCboth,input_under_A20.csv
HHCboth_cov_80_dur_2y,rations/HHCboth/cov_80_dur_2y/XMLinput_rations_HHCboth,input_under_A20.csv
HHCboth_cov_80_dur_5y,rations/HHCboth/cov_80_dur_5y/XMLinput_rations_HHCboth,input_under_A20.csv
HHCboth_cov_80_dur_instant,rations/HHCboth/cov_80_dur_instant/XMLinput_rations_HHCboth,input_under_A20.csv
HHCboth_cov_80_dur_lifelong,rations/HHCboth/cov_80_dur_lifelong/XMLinput_rations_HHCboth,input_under_A20.csv