﻿runtype,xml,input
baseline,baseline/XMLinput_baseline,input_under_A20.csv
TBPboth_cov_20_dur_1y,rations/TBPboth/cov_20_dur_1y/XMLinput_rations_TBPboth,input_under_A20.csv
TBPboth_cov_20_dur_2y,rations/TBPboth/cov_20_dur_2y/XMLinput_rations_TBPboth,input_under_A20.csv
TBPboth_cov_20_dur_5y,rations/TBPboth/cov_20_dur_5y/XMLinput_rations_TBPboth,input_under_A20.csv
TBPboth_cov_20_dur_instant,rations/TBPboth/cov_20_dur_instant/XMLinput_rations_TBPboth,input_under_A20.csv
TBPboth_cov_20_dur_lifelong,rations/TBPboth/cov_20_dur_lifelong/XMLinput_rations_TBPboth,input_under_A20.csv
TBPboth_cov_50_dur_1y,rations/TBPboth/cov_50_dur_1y/XMLinput_rations_TBPboth,input_under_A20.csv
TBPboth_cov_50_dur_2y,rations/TBPboth/cov_50_dur_2y/XMLinput_rations_TBPboth,input_under_A20.csv
TBPboth_cov_50_dur_5y,rations/TBPboth/cov_50_dur_5y/XMLinput_rations_TBPboth,input_under_A20.csv
TBPboth_cov_50_dur_instant,rations/TBPboth/cov_50_dur_instant/XMLinput_rations_TBPboth,input_under_A20.csv
TBPboth_cov_50_dur_lifelong,rations/TBPboth/cov_50_dur_lifelong/XMLinput_rations_TBPboth,input_under_A20.csv
TBPboth_cov_80_dur_1y,rations/TBPboth/cov_80_dur_1y/XMLinput_rations_TBPboth,input_under_A20.csv
TBPboth_cov_80_dur_2y,rations/TBPboth/cov_80_dur_2y/XMLinput_rations_TBPboth,input_under_A20.csv
TBPboth_cov_80_dur_5y,rations/TBPboth/cov_80_dur_5y/XMLinput_rations_TBPboth,input_under_A20.csv
TBPboth_cov_80_dur_instant,rations/TBPboth/cov_80_dur_instant/XMLinput_rations_TBPboth,input_under_A20.csv
TBPboth_cov_80_dur_lifelong,rations/TBPboth/cov_80_dur_lifelong/XMLinput_rations_TBPboth,input_under_A20.csv
outcomes_cov_20_dur_1y,rations/outcomes/cov_20_dur_1y/XMLinput_rations_outcomes,input_under_A20.csv
outcomes_cov_20_dur_2y,rations/outcomes/cov_20_dur_2y/XMLinput_rations_outcomes,input_under_A20.csv
outcomes_cov_20_dur_5y,rations/outcomes/cov_20_dur_5y/XMLinput_rations_outcomes,input_under_A20.csv
outcomes_cov_20_dur_instant,rations/outcomes/cov_20_dur_instant/XMLinput_rations_outcomes,input_under_A20.csv
outcomes_cov_20_dur_lifelong,rations/outcomes/cov_20_dur_lifelong/XMLinput_rations_outcomes,input_under_A20.csv
outcomes_cov_50_dur_1y,rations/outcomes/cov_50_dur_1y/XMLinput_rations_outcomes,input_under_A20.csv
outcomes_cov_50_dur_2y,rations/outcomes/cov_50_dur_2y/XMLinput_rations_outcomes,input_under_A20.csv
outcomes_cov_50_dur_5y,rations/outcomes/cov_50_dur_5y/XMLinput_rations_outcomes,input_under_A20.csv
outcomes_cov_50_dur_instant,rations/outcomes/cov_50_dur_instant/XMLinput_rations_outcomes,input_under_A20.csv
outcomes_cov_50_dur_lifelong,rations/outcomes/cov_50_dur_lifelong/XMLinput_rations_outcomes,input_under_A20.csv
outcomes_cov_80_dur_1y,rations/outcomes/cov_80_dur_1y/XMLinput_rations_outcomes,input_under_A20.csv
outcomes_cov_80_dur_2y,rations/outcomes/cov_80_dur_2y/XMLinput_rations_outcomes,input_under_A20.csv
outcomes_cov_80_dur_5y,rations/outcomes/cov_80_dur_5y/XMLinput_rations_outcomes,input_under_A20.csv
outcomes_cov_80_dur_instant,rations/outcomes/cov_80_dur_instant/XMLinput_rations_outcomes,input_under_A20.csv
outcomes_cov_80_dur_lifelong,rations/outcomes/cov_80_dur_lifelong/XMLinput_rations_outcomes,input_under_A20.csv
BMI_cov_20_dur_1y,rations/BMI/cov_20_dur_1y/XMLinput_rations_BMI,input_under_A20.csv
BMI_cov_20_dur_2y,rations/BMI/cov_20_dur_2y/XMLinput_rations_BMI,input_under_A20.csv
BMI_cov_20_dur_5y,rations/BMI/cov_20_dur_5y/XMLinput_rations_BMI,input_under_A20.csv
BMI_cov_20_dur_instant,rations/BMI/cov_20_dur_instant/XMLinput_rations_BMI,input_under_A20.csv
BMI_cov_20_dur_lifelong,rations/BMI/cov_20_dur_lifelong/XMLinput_rations_BMI,input_under_A20.csv
BMI_cov_50_dur_1y,rations/BMI/cov_50_dur_1y/XMLinput_rations_BMI,input_under_A20.csv
BMI_cov_50_dur_2y,rations/BMI/cov_50_dur_2y/XMLinput_rations_BMI,input_under_A20.csv
BMI_cov_50_dur_5y,rations/BMI/cov_50_dur_5y/XMLinput_rations_BMI,input_under_A20.csv
BMI_cov_50_dur_instant,rations/BMI/cov_50_dur_instant/XMLinput_rations_BMI,input_under_A20.csv
BMI_cov_50_dur_lifelong,rations/BMI/cov_50_dur_lifelong/XMLinput_rations_BMI,input_under_A20.csv
BMI_cov_80_dur_1y,rations/BMI/cov_80_dur_1y/XMLinput_rations_BMI,input_under_A20.csv
BMI_cov_80_dur_2y,rations/BMI/cov_80_dur_2y/XMLinput_rations_BMI,input_under_A20.csv
BMI_cov_80_dur_5y,rations/BMI/cov_80_dur_5y/XMLinput_rations_BMI,input_under_A20.csv
BMI_cov_80_dur_instant,rations/BMI/cov_80_dur_instant/XMLinput_rations_BMI,input_under_A20.csv
BMI_cov_80_dur_lifelong,rations/BMI/cov_80_dur_lifelong/XMLinput_rations_BMI,input_under_A20.csv