﻿runtype,xml,input
baseline,baseline/XMLinput_baseline,input_under_A20.csv
all_cov_20_dur_1y,rations/all/cov_20_dur_1y/XMLinput_rations_all,input_under_A20.csv
all_cov_20_dur_2y,rations/all/cov_20_dur_2y/XMLinput_rations_all,input_under_A20.csv
all_cov_20_dur_5y,rations/all/cov_20_dur_5y/XMLinput_rations_all,input_under_A20.csv
all_cov_20_dur_instant,rations/all/cov_20_dur_instant/XMLinput_rations_all,input_under_A20.csv
all_cov_20_dur_lifelong,rations/all/cov_20_dur_lifelong/XMLinput_rations_all,input_under_A20.csv
all_cov_50_dur_1y,rations/all/cov_50_dur_1y/XMLinput_rations_all,input_under_A20.csv
all_cov_50_dur_2y,rations/all/cov_50_dur_2y/XMLinput_rations_all,input_under_A20.csv
all_cov_50_dur_5y,rations/all/cov_50_dur_5y/XMLinput_rations_all,input_under_A20.csv
all_cov_50_dur_instant,rations/all/cov_50_dur_instant/XMLinput_rations_all,input_under_A20.csv
all_cov_50_dur_lifelong,rations/all/cov_50_dur_lifelong/XMLinput_rations_all,input_under_A20.csv
all_cov_80_dur_1y,rations/all/cov_80_dur_1y/XMLinput_rations_all,input_under_A20.csv
all_cov_80_dur_2y,rations/all/cov_80_dur_2y/XMLinput_rations_all,input_under_A20.csv
all_cov_80_dur_5y,rations/all/cov_80_dur_5y/XMLinput_rations_all,input_under_A20.csv
all_cov_80_dur_instant,rations/all/cov_80_dur_instant/XMLinput_rations_all,input_under_A20.csv
all_cov_80_dur_lifelong,rations/all/cov_80_dur_lifelong/XMLinput_rations_all,input_under_A20.csv