﻿scenario,coverage,duration_w,duration_post,foldername
all,20,1,10,cov_20_dur_1y
all,20,0.5,10,cov_20_dur_2y
all,20,0.2,10,cov_20_dur_5y
all,20,10,10,cov_20_dur_instant
all,20,0,10,cov_20_dur_lifelong
all,50,1,10,cov_50_dur_1y
all,50,0.5,10,cov_50_dur_2y
all,50,0.2,10,cov_50_dur_5y
all,50,10,10,cov_50_dur_instant
all,50,0,10,cov_50_dur_lifelong
all,80,1,10,cov_80_dur_1y
all,80,0.5,10,cov_80_dur_2y
all,80,0.2,10,cov_80_dur_5y
all,80,10,10,cov_80_dur_instant
all,80,0,10,cov_80_dur_lifelong
BMI,20,1,10,cov_20_dur_1y
BMI,20,0.5,10,cov_20_dur_2y
BMI,20,0.2,10,cov_20_dur_5y
BMI,20,10,10,cov_20_dur_instant
BMI,20,0,10,cov_20_dur_lifelong
BMI,50,1,10,cov_50_dur_1y
BMI,50,0.5,10,cov_50_dur_2y
BMI,50,0.2,10,cov_50_dur_5y
BMI,50,10,10,cov_50_dur_instant
BMI,50,0,10,cov_50_dur_lifelong
BMI,80,1,10,cov_80_dur_1y
BMI,80,0.5,10,cov_80_dur_2y
BMI,80,0.2,10,cov_80_dur_5y
BMI,80,10,10,cov_80_dur_instant
BMI,80,0,10,cov_80_dur_lifelong
HHCbmi,20,1,0,cov_20_dur_1y
HHCbmi,20,0.5,0,cov_20_dur_2y
HHCbmi,20,0.2,0,cov_20_dur_5y
HHCbmi,20,10,0,cov_20_dur_instant
HHCbmi,20,0,0,cov_20_dur_lifelong
HHCbmi,50,1,0,cov_50_dur_1y
HHCbmi,50,0.5,0,cov_50_dur_2y
HHCbmi,50,0.2,0,cov_50_dur_5y
HHCbmi,50,10,0,cov_50_dur_instant
HHCbmi,50,0,0,cov_50_dur_lifelong
HHCbmi,80,1,0,cov_80_dur_1y
HHCbmi,80,0.5,0,cov_80_dur_2y
HHCbmi,80,0.2,0,cov_80_dur_5y
HHCbmi,80,10,0,cov_80_dur_instant
HHCbmi,80,0,0,cov_80_dur_lifelong
HHCboth,20,1,0,cov_20_dur_1y
HHCboth,20,0.5,0,cov_20_dur_2y
HHCboth,20,0.2,0,cov_20_dur_5y
HHCboth,20,10,0,cov_20_dur_instant
HHCboth,20,0,0,cov_20_dur_lifelong
HHCboth,50,1,0,cov_50_dur_1y
HHCboth,50,0.5,0,cov_50_dur_2y
HHCboth,50,0.2,0,cov_50_dur_5y
HHCboth,50,10,0,cov_50_dur_instant
HHCboth,50,0,0,cov_50_dur_lifelong
HHCboth,80,1,0,cov_80_dur_1y
HHCboth,80,0.5,0,cov_80_dur_2y
HHCboth,80,0.2,0,cov_80_dur_5y
HHCboth,80,10,0,cov_80_dur_instant
HHCboth,80,0,0,cov_80_dur_lifelong
outcomes,20,1,0,cov_20_dur_1y
outcomes,20,0.5,0,cov_20_dur_2y
outcomes,20,0.2,0,cov_20_dur_5y
outcomes,20,10,0,cov_20_dur_instant
outcomes,20,0,0,cov_20_dur_lifelong
outcomes,50,1,0,cov_50_dur_1y
outcomes,50,0.5,0,cov_50_dur_2y
outcomes,50,0.2,0,cov_50_dur_5y
outcomes,50,10,0,cov_50_dur_instant
outcomes,50,0,0,cov_50_dur_lifelong
outcomes,80,1,0,cov_80_dur_1y
outcomes,80,0.5,0,cov_80_dur_2y
outcomes,80,0.2,0,cov_80_dur_5y
outcomes,80,10,0,cov_80_dur_instant
outcomes,80,0,0,cov_80_dur_lifelong
TBPboth,20,1,10,cov_20_dur_1y
TBPboth,20,0.5,10,cov_20_dur_2y
TBPboth,20,0.2,10,cov_20_dur_5y
TBPboth,20,10,10,cov_20_dur_instant
TBPboth,20,0,10,cov_20_dur_lifelong
TBPboth,50,1,10,cov_50_dur_1y
TBPboth,50,0.5,10,cov_50_dur_2y
TBPboth,50,0.2,10,cov_50_dur_5y
TBPboth,50,10,10,cov_50_dur_instant
TBPboth,50,0,10,cov_50_dur_lifelong
TBPboth,80,1,10,cov_80_dur_1y
TBPboth,80,0.5,10,cov_80_dur_2y
TBPboth,80,0.2,10,cov_80_dur_5y
TBPboth,80,10,10,cov_80_dur_instant
TBPboth,80,0,10,cov_80_dur_lifelong
HHC,20,0,0,cov_20_dur_lifelong
HHC,50,0,0,cov_50_dur_lifelong
HHC,80,0,0,cov_80_dur_lifelong