nhits,uid,chi,eta,j1A0,j2A0,j3A0,j4A0,kappa,muDc,muK,multiplier,omegaS0,pBdmild,pBdmoderate,pBdover,pBpmild,pBpmoderate,pBpover,pBtmild,pBtmoderate,pBtover,pR,pT,rho,sageA15,sigma,theta,zeta
15,c9c38bb854facd043ac24dfeacf489fb,0.141783978,0.637947412,0.392907535,0.255389732,0.68593959,0.388626164,0.062769472,0.146267726,0.009593233,0.612946415,0.042059294,0.549045736,2.046674311,0.49668256,1.346398625,1.866177688,0.2581733,1.401081631,2.191274304,1.270324184,0.821182325,0.000563442,0.024051393,0.95624037,0.000274646,0.104131201,0.969231856
15,4840c8952edcbbf273571e4e0ff3d22d,0.162329036,0.689393232,0.330769472,0.294180531,0.707759271,0.342328995,0.065287923,0.149522878,0.010190562,0.676276464,0.037526078,0.762207427,2.183758548,1.077797536,1.343940102,1.874771752,0.25159851,1.264332146,2.297814286,1.651257057,0.826267631,0.000654577,0.021514152,0.878385146,0.00015727,0.101729488,1.006701736
15,741bdeb40e91cb4ad33273d364940fa2,0.148517243,0.574667692,0.471239116,0.162836746,0.607917415,0.397204203,0.080841414,0.153244077,0.007891128,0.616331867,0.042674757,0.426316815,2.260318025,0.827608386,1.338944805,1.85489034,0.25721821,1.418620184,2.255923831,1.244482511,0.831055738,0.000654459,0.016813687,0.779102675,0.000291487,0.100675882,1.166358869
15,6e72eb3c5bf8e707eb446bf3e3aadf34,0.145324057,0.658987892,0.190914866,0.051479682,0.593743527,0.357755737,0.085053316,0.155977656,0.00531265,0.628302072,0.043808229,0.405083845,2.149334294,0.394577369,1.331722013,1.854410903,0.24866771,1.45528947,2.290842962,1.269158947,0.818975046,0.000606945,0.019872621,0.839187895,0.000545361,0.101079662,0.849101384
15,6b8c735aa7a752a446b49e2576d0ed6b,0.161016277,0.712607625,0.42820483,0.110381582,0.804622341,0.296147586,0.070214773,0.159870712,0.008064397,0.673178293,0.039435661,0.9078869,2.222478299,0.926556809,1.334290206,1.876332992,0.266699725,1.433510855,2.130546274,1.260359026,0.814042965,0.000679519,0.017566561,0.847385772,0.000223394,0.10826561,1.167391002
15,8a3152e972e1e3cdddc8edb29168ec56,0.140902883,0.629981805,0.396181947,0.239694527,0.639455671,0.502864516,0.063674188,0.143359888,0.009714518,0.729732318,0.040668345,0.422398355,2.126806798,0.357801494,1.367163321,1.865474401,0.248432022,1.364093067,2.263938384,1.535633651,0.840933766,0.000565925,0.022565653,0.957636969,0.000265118,0.102536608,0.775136452
15,53fd917d07f8a2c802945e58dc9594f6,0.160867136,0.655180808,0.427468643,0.117371702,0.685075764,0.366100278,0.073533449,0.16562495,0.008235212,0.770128013,0.03723473,0.937118919,2.377411142,1.248200024,1.341067853,1.887975705,0.266895411,1.269937547,2.242259372,1.467633731,0.839570877,0.00059068,0.022578129,0.796442775,0.000140289,0.105424687,0.772095128
15,1d1602759dc6f1e7b7e0d981ba053f90,0.144347517,0.636350593,0.368223224,0.110815177,0.594949684,0.390225963,0.069520249,0.158099007,0.007669995,0.809283307,0.040356266,0.578511059,2.532874666,0.471473886,1.355239095,1.869352822,0.258186467,1.358978808,2.132630172,1.176445701,0.836483092,0.000600339,0.019876703,0.978232517,0.000326556,0.10473828,0.753216803
15,02ec95ece56497402f2eb47c5fc276e6,0.143991928,0.634062274,0.41801597,0.216724859,0.593576984,0.406904182,0.070421273,0.157346656,0.007740413,0.670307915,0.041656138,0.417750494,2.394065926,0.578932501,1.352671326,1.860026369,0.24572296,1.424002644,2.279237595,1.439733644,0.833566584,0.000685593,0.015293453,0.846493405,0.000312039,0.099893109,0.969790081
15,cfd2e3ff4d444849b2972710e9c08cb7,0.145757079,0.687188557,0.401144233,0.192506464,0.625096692,0.373687782,0.067072557,0.165376226,0.007608859,0.624709449,0.040869738,0.472392636,2.326797095,0.553218087,1.357441384,1.866928105,0.248000759,1.444124091,2.25437623,1.446453269,0.827510744,0.000641992,0.016766836,0.85648441,0.00030334,0.100172189,0.759182796
15,340ee513d9b76d015dd433da43159962,0.144599849,0.646428886,0.404719013,0.207020754,0.600673549,0.404870289,0.070930167,0.158350622,0.007586338,0.645653064,0.041580385,0.420671502,2.332575839,0.600178186,1.352087059,1.861223034,0.245045164,1.431590024,2.27470819,1.444132242,0.829970949,0.000679698,0.015326123,0.843709056,0.000316259,0.099532673,0.860989048
15,f51cd916e45cb40d3d1ee52b32958646,0.138220106,0.741836266,0.441388482,0.216107303,0.581817075,0.360066889,0.0626692,0.174860148,0.006570267,0.52133227,0.041901214,0.348948242,2.298541739,0.320740904,1.36814509,1.866048283,0.24719239,1.570153644,2.22361399,1.327694568,0.824460746,0.000646247,0.017842338,0.851200184,0.000390422,0.0999663,0.793468512
15,8e115df7721e0f61e6278475b55e36e4,0.138790945,0.672230784,0.42192754,0.209440052,0.56052314,0.413506838,0.065468633,0.165398223,0.007304,0.621842015,0.041587375,0.321150512,2.360992374,0.396667266,1.365326077,1.865286664,0.244662557,1.464102425,2.257995719,1.399536963,0.832783487,0.000625605,0.017584281,0.875221328,0.000352299,0.098500879,0.697352056
15,4e7bd06cdaaf511392782995d84f7a48,0.15964006,0.632059468,0.346833399,0.358248111,0.728213101,0.367556945,0.067239138,0.146616884,0.01062565,0.654332871,0.039290305,0.77733585,2.074724639,1.025237644,1.332275311,1.867491477,0.251724864,1.239636725,2.305878087,1.682432057,0.824202556,0.000648561,0.020694886,0.872910616,0.000160108,0.101797756,1.011242463
15,892e01cbbee4a77ae15b8386e8f9bf0a,0.143278928,0.695913641,0.425727405,0.209812748,0.635597854,0.374707192,0.064712739,0.160609898,0.007342897,0.59756646,0.040897523,0.476568589,2.318461812,0.684408898,1.353540135,1.862881322,0.249698104,1.48405352,2.258256685,1.420131673,0.825896106,0.000671828,0.017723618,0.821943957,0.000314705,0.100649229,1.054614483
15,eafd455f011306898706a74724b33d16,0.141236069,0.631711957,0.504078661,0.089365107,0.618871659,0.302776237,0.081226875,0.147054907,0.007211175,0.391106954,0.045095065,0.495868723,2.288880188,0.724258407,1.330911661,1.861179884,0.270797989,1.661249389,2.176265899,0.785129152,0.818321874,0.000575224,0.017381938,0.797188288,0.000380492,0.107386433,0.804595306
15,ac2225f54db043d4ca9128e8749c1a1c,0.137821468,0.579523249,0.603890599,0.257967727,0.65490502,0.380222034,0.067341036,0.150819349,0.0085465,0.381921417,0.0456834,0.440053091,2.197885532,0.651912174,1.333849306,1.850731682,0.260275742,1.580313501,2.186209749,1.151446358,0.819177352,0.000659125,0.013971863,0.805539629,0.000257572,0.102791776,1.00045931
15,7054fb53f55f530f5d627e63a8bff611,0.151018062,0.612681281,0.450732676,0.142146295,0.623021481,0.389231465,0.078513836,0.160220886,0.007620705,0.622935346,0.041436706,0.513463382,2.205268509,0.908664085,1.34214168,1.860922657,0.256799879,1.392139164,2.258927377,1.354030944,0.829670408,0.000650077,0.018680459,0.779886492,0.000255256,0.100539703,1.041387937
15,2b413e85a6d8a7a0611f427feb3a34b4,0.142609501,0.667525097,0.391458355,0.191037258,0.597999815,0.383117481,0.069622954,0.162989609,0.007229177,0.6324848,0.041271892,0.446227986,2.370853867,0.598452143,1.355523953,1.859528139,0.24541075,1.436756848,2.25543238,1.45809457,0.827796535,0.000687564,0.016510749,0.862974669,0.000317445,0.099732109,0.909922958
15,f89f2b31a306b97184aadb1bceaeb59b,0.137649848,0.616994831,0.718845909,0.392877811,0.373810622,0.822766962,0.127443111,0.157464501,0.007682767,1.515087391,0.045314918,1.001520468,2.080730493,0.543012282,1.520243377,1.616239741,0.273442387,1.568091637,1.464298494,1.078121503,0.65140232,0.000454672,0.045429833,0.693227452,0.000608835,0.080403929,0.943099739
15,612a59415ab8d40862328e18301905a5,0.148070139,0.652533821,0.432224296,0.244363328,0.730779477,0.398935656,0.059726599,0.162272105,0.008958652,0.700323556,0.040363696,0.721171641,2.111231293,0.556280789,1.348616011,1.869636451,0.257380176,1.338589175,2.146835382,1.486658219,0.824437588,0.000633517,0.020249387,0.93800327,0.000202515,0.10423024,0.992137144
15,6b247777da6d0ca739df0a18dea6fd45,0.152524885,0.654710469,0.5477714,0.203194212,0.668367972,0.3352558,0.077934083,0.165684456,0.007396561,0.453259984,0.043698789,0.560502095,2.041422813,0.658307072,1.329889878,1.877117517,0.271219798,1.558978116,2.190257246,1.023622877,0.82095627,0.000643879,0.017258589,0.720399283,0.000342632,0.105008711,0.97175519
15,34dc9cf6f4743f2657277ec1a9a8c8b0,0.147874735,0.586766445,0.463834181,0.182120173,0.611709768,0.394270549,0.079288041,0.154569089,0.007870703,0.609344718,0.042837969,0.444788319,2.255484067,0.787219561,1.338380113,1.857891944,0.256736408,1.425994637,2.265093471,1.262414377,0.830453853,0.000647024,0.016507262,0.783996979,0.000301423,0.100763323,1.07891752
15,934a41950040f02f6aa96b0e5df0d4c3,0.123404811,0.674265766,0.4333182,0.210395395,0.505245792,0.465435388,0.060053835,0.163495244,0.007625145,0.742895739,0.041324173,0.332422588,2.566111738,0.447757618,1.378037961,1.863330562,0.246536177,1.492072193,2.279514104,1.31074711,0.849874318,0.000583608,0.022933889,0.910770808,0.000357742,0.101389726,0.906993338
15,9614663ce4d04fdd9478f162aab1279f,0.141111509,0.738082967,0.456549268,0.177066983,0.619070724,0.303299888,0.065442547,0.175198468,0.006577459,0.548163021,0.041605571,0.48495813,2.358195444,0.450369251,1.359027885,1.865259647,0.253608034,1.552540495,2.1363674,1.164754748,0.816203726,0.000672784,0.01663526,0.87824631,0.00037057,0.102515547,0.93473951
15,0ae48400d7f2107c59ff6aced08c934a,0.150150757,0.694574872,0.43172983,0.158028283,0.653828149,0.376311562,0.074200046,0.153082297,0.007393439,0.71664195,0.041579054,0.584520076,2.49100309,0.490250061,1.349927366,1.885490276,0.26058015,1.558274992,2.219979678,1.120896036,0.838286453,0.000666613,0.01441507,0.813640387,0.000401046,0.107133436,0.825191117
15,1b67df03f16c61b1f80b0d6d8f696d22,0.146145798,0.694526199,0.408576438,0.195834833,0.629210458,0.374996047,0.066718901,0.164778885,0.007464401,0.595260091,0.041029831,0.49124865,2.353328765,0.550419082,1.354911291,1.868465484,0.24774594,1.469537696,2.251463329,1.434595891,0.82513693,0.000666969,0.015785585,0.848540868,0.000311086,0.100495606,0.798140298
15,a330d4beb8e55e91687ef119a87ff462,0.141312694,0.692158123,0.369922527,0.218867836,0.553182349,0.359107463,0.065293736,0.167056431,0.006523672,0.735402119,0.041038626,0.551383775,2.479382805,0.467419328,1.350432397,1.887927876,0.254453239,1.457783637,2.234973124,1.252283713,0.842217858,0.000635561,0.018930575,0.827385268,0.000361636,0.103060851,0.849031726
15,431c8ed5b2901fc94907fec4d7d736eb,0.140820568,0.772816275,0.453251611,0.165498959,0.652873542,0.274377762,0.062522772,0.176064439,0.006279287,0.459861372,0.041763612,0.475572264,2.278790228,0.476196718,1.358121516,1.855201392,0.24925518,1.597653934,2.12018182,1.226863977,0.80445315,0.000711987,0.015305549,0.879325194,0.000354597,0.101805247,1.119915216
15,6b4deff7e0fc975794f71195dd01a497,0.14325226,0.772065326,0.382502459,0.134780739,0.612703942,0.248199995,0.059156813,0.163681287,0.007116431,0.360294384,0.041790005,0.311247848,2.262229831,0.468319155,1.361779558,1.851970573,0.250628118,1.584556197,2.12157457,1.112859711,0.797499741,0.000650576,0.019594167,0.959092227,0.000390038,0.099187255,0.963171754
15,f1385c48e7e4c94dbeec166ae9d34038,0.147768892,0.733344903,0.422492316,0.160080924,0.649239947,0.323409496,0.065788714,0.170001945,0.007015583,0.533397873,0.040246012,0.557366492,2.275412904,0.69180141,1.357285027,1.866237936,0.251885624,1.494506935,2.207792528,1.38905915,0.819756286,0.000666441,0.018613775,0.837828143,0.000284826,0.101785737,0.920514393
15,bf3b970c0622b7a6ec41bf0314b9d4ac,0.150248587,0.812245387,0.374850879,0.166569225,0.653534839,0.281703638,0.051579572,0.177505206,0.00796585,0.403488879,0.037882311,0.462918465,2.034314226,0.639122488,1.376796254,1.863440422,0.247510498,1.428934157,2.151105639,1.531036496,0.801051857,0.000624894,0.024378961,0.969253594,0.000228974,0.097229661,0.845722275
15,88fdb407e79232d2c44860d0fe6a3c9a,0.156341594,0.843480067,0.324362691,0.044050027,0.644140269,0.278294585,0.057186728,0.16910063,0.00644504,0.777677452,0.035545359,0.710590214,2.708257024,0.788224558,1.375465245,1.87779193,0.248002882,1.464699225,2.141075985,1.436524884,0.825833086,0.000715888,0.016306348,0.951311516,0.000243734,0.103627812,0.914568416
15,b63e18fbabe6b28cf92aedd4a6e2d50d,0.144654148,0.647009108,0.41078075,0.192674867,0.605286843,0.398651431,0.070948665,0.159560734,0.007720752,0.65555749,0.04139925,0.42184652,2.323215981,0.602927429,1.353748493,1.861924047,0.245732539,1.430385221,2.27165257,1.445976737,0.829208084,0.000670049,0.01541043,0.850585793,0.00030685,0.099562325,0.926382959
15,b452d7842fcaa6203c832338fa4832d2,0.148663864,0.542685878,0.415862199,0.160854277,0.582306828,0.431913069,0.083914755,0.149699119,0.008077403,0.688950664,0.042572027,0.355953759,2.252498442,0.777855828,1.338317978,1.850891277,0.248585487,1.338325628,2.292001201,1.394972012,0.833908187,0.000683828,0.015533478,0.822146744,0.000288569,0.098321242,1.092343951
15,7dae640356cce35a2689cae731d6e263,0.13960605,0.612153682,0.496218247,0.202949553,0.597045948,0.391738711,0.074891989,0.168741298,0.008152391,0.509541826,0.043542842,0.399508342,2.031189107,0.567218046,1.347108572,1.871438041,0.263843427,1.457702033,2.237469637,1.111680589,0.827721102,0.000573657,0.023292902,0.803487534,0.000352143,0.10119666,0.918589165
15,e7e320e076b35e3b4f06c92dfd621c94,0.147826537,0.680523473,0.399930904,0.187915046,0.622997171,0.37468044,0.068430627,0.16372,0.007567383,0.633314109,0.040755222,0.485692382,2.301844691,0.57308649,1.356531965,1.868264366,0.247318242,1.440405455,2.252751981,1.461035918,0.82770702,0.000634646,0.016675769,0.86124295,0.000300348,0.100193409,0.725989351
15,f41c2f19a88e08a16e328ad2971eccda,0.159089327,0.736996867,0.280228046,0.02205829,0.71906547,0.355887571,0.068663043,0.158659632,0.008034077,1.020286002,0.034036877,0.951631579,2.700633767,1.275233852,1.362855145,1.87493269,0.249434913,1.255717751,2.250366226,1.659489426,0.84031413,0.000688042,0.019913293,0.917244323,0.00014971,0.105483373,1.173877722
15,b7454b848a15bf2988b95ed76247d12b,0.135619878,0.588418538,0.627184262,0.490079162,0.803153928,0.363654516,0.06245728,0.149454464,0.010532835,0.479733066,0.045289204,0.862788352,2.006526457,0.850880969,1.321333065,1.870983464,0.269857149,1.558365508,2.212065538,1.21015848,0.817769391,0.00060001,0.016695008,0.798235785,0.000195952,0.109310096,1.157691641
15,8c08f529acb65041e82793a754e5a12b,0.145122491,0.647514851,0.412635703,0.187043965,0.611376629,0.39795221,0.071626568,0.159016198,0.007704204,0.643814467,0.041403069,0.422971631,2.315358417,0.61373943,1.354613306,1.86153934,0.24627542,1.43162327,2.275228719,1.435531633,0.828419702,0.000688622,0.015803149,0.853102459,0.00030511,0.099594393,0.858970201
15,80c383372d9977b188a393f3d3c7984e,0.154725297,0.667056969,0.463710056,0.093763896,0.704089866,0.278252915,0.077608748,0.155324202,0.007175164,0.492304487,0.042383471,0.706242744,2.277081706,0.865412978,1.327908675,1.869883984,0.267723998,1.542828192,2.15686662,1.057066043,0.813466347,0.000639726,0.015173011,0.796932683,0.000293568,0.106579673,0.881935834
15,700e7902866a45ac2548eefc9de3babd,0.160008978,0.554866509,0.461808278,0.060415803,0.643983911,0.379452163,0.086482775,0.159485382,0.008101606,0.557796166,0.041664931,0.536795352,1.970966325,0.929195116,1.330605143,1.860282553,0.265114525,1.303152215,2.200538211,1.270951091,0.821204975,0.000620142,0.019723143,0.807155492,0.000202434,0.100270635,0.87322155
15,fe564ef1e5852d55682221ac3f08c7e2,0.145323672,0.684444634,0.396807321,0.19595937,0.607087155,0.38414789,0.069498085,0.164349367,0.00732148,0.646519992,0.040864572,0.475233665,2.333023024,0.640406244,1.35519549,1.865724026,0.246599107,1.431347253,2.265644604,1.468653393,0.828736673,0.000686238,0.016638982,0.856201702,0.000303423,0.099792959,0.864037802
15,4f01ec565f3356457244a63a63205ea9,0.143367014,0.666626985,0.399201572,0.189244573,0.606716739,0.386121064,0.070107491,0.161533794,0.007329337,0.638441858,0.041331879,0.445127262,2.37249471,0.643422467,1.356132895,1.855360112,0.245657966,1.437121686,2.265562479,1.44451735,0.828919949,0.000675259,0.016650776,0.864095624,0.000307964,0.099695575,0.932798931
15,3460aca9ef448bed01649075d968aab8,0.146231903,0.681051881,0.394796265,0.188229249,0.62276061,0.383140239,0.068487968,0.164480527,0.007512278,0.639879905,0.040832183,0.495673642,2.29789088,0.576980685,1.355291264,1.865486532,0.2472092,1.431635296,2.256994329,1.459537917,0.828195624,0.000635254,0.016565509,0.863369415,0.000298842,0.100080583,0.700415278
15,abcf6d21a8d2cf47dbe548461bf8f016,0.129725995,0.683527732,0.505827481,0.206760055,0.536006516,0.407126041,0.063699158,0.173341571,0.007344536,0.563889121,0.042138889,0.384863268,2.311762608,0.537006486,1.3668602,1.86916544,0.257610588,1.542585643,2.242055624,1.171721962,0.837620184,0.000555759,0.023732991,0.838293867,0.000344897,0.101908339,0.816000964
15,c554f15e5b1a77b08b2d46b47a5ecff9,0.148660564,0.728698448,0.426603106,0.219574266,0.59668145,0.289984832,0.060251061,0.152261696,0.007304996,0.497396174,0.041678421,0.448302508,2.537462681,0.561157795,1.347190973,1.86815865,0.252403826,1.568337002,2.178664691,1.179880541,0.822580819,0.00070087,0.013955776,0.852874075,0.00033075,0.102199065,0.939361404
15,b4231d2bbaaec46fd3bb4c25e9a0d43b,0.147856482,0.685219114,0.421234344,0.199850116,0.634758667,0.361405331,0.06717022,0.162647192,0.007661706,0.576805557,0.041249448,0.48836977,2.314669342,0.58746656,1.351950365,1.86322485,0.24919309,1.478166937,2.260435438,1.411428791,0.823558668,0.00067934,0.016077344,0.833810259,0.000310837,0.100891258,0.961469546
15,7c79184635a3e404e4e226441f1c34dc,0.150451631,0.720030751,0.446190656,0.270139517,0.629749419,0.323620165,0.05606141,0.164367343,0.009030803,0.503790695,0.039852069,0.516526778,2.232554057,0.64037867,1.359302624,1.875069858,0.254939824,1.430049285,2.178489828,1.349421395,0.819934704,0.000640951,0.020441665,0.912729033,0.000237714,0.100301369,0.830496045
15,50156b476962c565c882285731db904a,0.158350891,0.706692746,0.391672463,0.115670944,0.743646613,0.330745847,0.072860214,0.167852528,0.007568706,0.659406729,0.038581199,0.84633201,2.111774156,1.158886784,1.337383328,1.863555826,0.257321838,1.349845091,2.234870507,1.550476026,0.819085234,0.000664076,0.019993746,0.804805795,0.000170611,0.103815692,1.188891711
15,7f68da61d503afdfc8461589c9ed1cbc,0.147718297,0.682745692,0.406340907,0.186564784,0.619505085,0.375603282,0.067386561,0.164126218,0.007535546,0.63081817,0.040766856,0.475568172,2.311764277,0.552926323,1.358528361,1.867482384,0.248067869,1.442403489,2.258828671,1.457258746,0.828102095,0.000639188,0.016789985,0.858882584,0.000299908,0.100050492,0.725850616
15,7d8b870a06281ded08adfe8bfff3d65d,0.147524878,0.741365216,0.232964468,0.076713723,0.606591397,0.332522395,0.068874996,0.159259302,0.006301316,0.556910645,0.040469917,0.345373812,2.272103575,0.432185703,1.362517815,1.846251869,0.237706601,1.454801635,2.225747909,1.49705771,0.808359481,0.0006348,0.018443571,0.964170165,0.000419801,0.097728341,0.698237261
15,52ad91609d26b7b88a270000e8bbfcbd,0.143409242,0.74645165,0.261560033,0.256603431,0.622653259,0.267844091,0.049148498,0.152095585,0.007267749,0.693792327,0.039104653,0.503941944,2.632474987,0.579158976,1.355949117,1.855575418,0.232234796,1.409991379,2.175401539,1.559909564,0.814694794,0.000754588,0.014412284,0.990490804,0.000243156,0.098395125,1.250001138
15,92543457020b6101baccdd568838fe1f,0.139328091,0.529029986,0.357819429,0.071261841,0.680051439,0.473633664,0.083774377,0.119188217,0.010028274,0.635609096,0.044734877,0.430178616,2.004704792,0.4844265,1.334366388,1.839943278,0.262897992,1.418479354,2.229454068,1.051840098,0.825379735,0.000483925,0.025177342,0.981417824,0.000373432,0.107647539,0.850585359
15,402abf0dcc329fdd8832f6f61a8889d6,0.145601171,0.739206793,0.366183327,0.114496129,0.694354388,0.35921512,0.063865776,0.172312556,0.006951724,0.758882464,0.038137456,0.721074198,2.356721447,0.935554605,1.359426466,1.855940513,0.247943177,1.371042443,2.204304695,1.571670539,0.824190392,0.0006814,0.019766395,0.89267156,0.000203292,0.102223694,1.295630248
15,8f547bb7b78d66f62b19daeac3344670,0.143954057,0.646234152,0.405344014,0.208870554,0.596398506,0.403121881,0.070787332,0.157154089,0.007611625,0.641058599,0.041616945,0.419365993,2.333204847,0.605706468,1.351461161,1.86088567,0.245047664,1.436999679,2.280946719,1.451095525,0.829593763,0.000683003,0.015344175,0.840974513,0.000316295,0.099680817,0.910480974
15,aefc05c2f08a11d953e4756eb9ac5e60,0.141041163,0.573702817,0.432849975,0.107898204,0.582755459,0.442681389,0.076626995,0.165705235,0.008690173,0.595092918,0.042040338,0.344143118,1.888688005,0.545061575,1.353228946,1.865582889,0.261122155,1.306143759,2.233257634,1.236529575,0.830904207,0.000539562,0.028714226,0.873840147,0.000285819,0.09942488,0.885472698
15,2c217cde6d57a08b86c33f2168f3f133,0.157220544,0.660375001,0.428332072,0.166781283,0.799423181,0.387495921,0.073662319,0.141758278,0.008947598,0.619721151,0.042207631,0.587004983,1.964019362,0.481167635,1.337753512,1.858515594,0.256786082,1.457844954,2.153335839,1.319681627,0.811893527,0.000706502,0.014246412,0.89624529,0.000273035,0.105548118,1.235237784
15,15600bea7b24809a4d41c98acce20494,0.131197237,0.587675454,0.433342735,0.433665005,0.626792968,0.38164284,0.054947839,0.161888669,0.008739597,0.484611133,0.044037374,0.617829236,2.091771696,0.557001693,1.3311865,1.853851425,0.249926322,1.37831107,2.231035647,1.544335197,0.819563924,0.000560857,0.020861728,0.896783692,0.000251614,0.10062257,0.754636837
15,6e2668bade8286792819ba9999c44c5d,0.156524413,0.547732996,0.475930671,0.113102399,0.651797216,0.387548166,0.086272022,0.150330196,0.008274743,0.577392644,0.042578053,0.513033041,2.140732297,1.025758553,1.325118227,1.856654165,0.260697096,1.367505795,2.260745404,1.275141991,0.824944695,0.000681946,0.016187965,0.747473104,0.000226278,0.100991745,1.174743099
15,3ac93b78bf5d1e7a8fbe0181207499b0,0.153637331,0.672358183,0.419484361,0.123851557,0.642201428,0.306865655,0.075403964,0.16430708,0.006703028,0.650301558,0.04164367,0.549666529,2.401348996,0.534934858,1.340213733,1.86501496,0.258518096,1.457747974,2.120022864,1.099328859,0.819969876,0.000707175,0.014176773,0.859873348,0.000365799,0.103575715,1.055693165
15,4ffe3c50b2b02154d7cfc511865df615,0.14925378,0.662945136,0.193585148,0.084980088,0.66509888,0.441334288,0.079480258,0.128093918,0.00782982,1.006566079,0.039873464,0.585145653,2.613705597,0.540069302,1.348620985,1.856271442,0.242080867,1.380795012,2.299909014,1.428452915,0.842707727,0.00066606,0.015779023,0.95051199,0.00041741,0.10650912,1.089559366
15,d17dc678830900909d3e1426bdf44591,0.143760212,0.657409496,0.405799253,0.186511554,0.601607576,0.387653935,0.069943416,0.159144541,0.007486401,0.634044457,0.041280188,0.432292023,2.350440737,0.644193704,1.355743755,1.854993797,0.245529689,1.446048128,2.260510821,1.444726856,0.827850114,0.000655598,0.016158299,0.858720334,0.000312274,0.099551613,0.895553771
15,a6adb178b4e880d54e31a856c05e54f0,0.160329932,0.729613894,0.329192198,0.221808276,0.821380811,0.331658269,0.061553163,0.154429997,0.008669849,0.762691769,0.038344024,0.835536976,2.174665695,0.58204306,1.345445611,1.866818835,0.248127871,1.332265759,2.127965878,1.624106653,0.810059111,0.000720885,0.015046186,0.969004667,0.000215913,0.105051404,1.132376149
15,dc033bd647d1e984b69627e77c361a8f,0.154192265,0.610383231,0.530310574,0.165743393,0.674230999,0.362609782,0.082502339,0.15873696,0.007662249,0.473092795,0.043897198,0.538294936,2.005350046,0.830508899,1.323347635,1.866532915,0.268765772,1.499348178,2.222082165,1.105039587,0.821166849,0.000653846,0.017104995,0.712958873,0.000298188,0.103623682,1.137232507
15,505a4f652e7dca546939a4ed8860eefb,0.145187924,0.659188539,0.401177456,0.186969604,0.606497086,0.394557429,0.071121005,0.158173586,0.007548053,0.632126389,0.041259571,0.418973387,2.315929514,0.61049886,1.35570595,1.858925741,0.246229657,1.436142276,2.266402564,1.435698777,0.828524162,0.000686907,0.015916707,0.858440975,0.000302802,0.099642442,0.868036722
15,25ed6c54f07bace6cc27d7a838847445,0.153558854,0.63299854,0.369479447,0.160980735,0.641073753,0.417413299,0.07577709,0.166154903,0.008798863,0.672578994,0.038982913,0.531596752,1.902723492,0.767802177,1.354143271,1.880398831,0.25504773,1.249760491,2.306169353,1.560230996,0.833547248,0.00057907,0.025944171,0.820048308,0.000216744,0.09930873,0.92157077
15,cdcda7f3543bd63dc91c042f125978e0,0.142832863,0.666638946,0.398258729,0.188619606,0.60390037,0.382278768,0.070159954,0.161307374,0.007322422,0.641600217,0.041305237,0.448715297,2.37125955,0.645811972,1.35541452,1.855570862,0.245532434,1.435179877,2.265200124,1.448519434,0.829266905,0.000673293,0.016427769,0.863418725,0.000311816,0.099777754,0.913139534
15,e183c69473988b2a4bb0a450d42d6d25,0.144366524,0.698411177,0.428321059,0.203961766,0.634685534,0.37199403,0.065369674,0.160383635,0.007415259,0.591642383,0.040852604,0.478313324,2.350411141,0.659328336,1.352506861,1.864584239,0.24928118,1.48274113,2.263372312,1.42043186,0.826085624,0.000680143,0.017008303,0.814788624,0.000310328,0.10058065,1.053108555
15,a96e70b8f613c5cee066bf42a13c59fb,0.139714885,0.639067532,0.471722016,0.10732171,0.658229147,0.453133539,0.069502111,0.136132033,0.008951944,0.605153922,0.042664682,0.401842846,2.30955822,0.632801943,1.357861412,1.850943804,0.255054963,1.548700941,2.242943364,1.238470043,0.833353258,0.000619975,0.018146748,0.897968193,0.000284525,0.104807617,1.01207753
15,7206e0b2a22b9686b7cf8fef7eb11b03,0.146206417,0.744813494,0.446381524,0.237660746,0.657802418,0.347769386,0.064615192,0.167580972,0.007336541,0.562360331,0.040626521,0.598892918,2.271560496,0.620818404,1.355014043,1.875677586,0.252517823,1.53674479,2.25507128,1.418931512,0.825884757,0.000657898,0.017065821,0.803703165,0.00030816,0.103548928,0.840148655
15,c650551561f358be715805f9bdb51d58,0.143394407,0.721657784,0.312625142,0.096084716,0.634912515,0.420467947,0.06021391,0.153930827,0.007765928,0.880954176,0.037447898,0.612807527,2.671570166,0.736947881,1.374977826,1.867944676,0.243255593,1.381487652,2.24832087,1.582770314,0.842439105,0.000649356,0.019846642,0.960156078,0.000259294,0.102960857,0.929055436
15,135f9394e275985aff2fd11712888ea4,0.148984357,0.731773523,0.452308929,0.255358781,0.689266502,0.304968451,0.061463064,0.169771777,0.007391376,0.405132581,0.041839102,0.524623351,2.04615125,0.385610185,1.350746916,1.868282072,0.252850632,1.531696084,2.149004332,1.378455363,0.80561503,0.000638592,0.016048511,0.868125756,0.00031033,0.101386122,0.703178055
15,46b0e24d47418c15fe389f317bf9dca2,0.146814244,0.688394067,0.417255046,0.198400697,0.633812087,0.359461379,0.066586513,0.162569159,0.007507239,0.580257503,0.041097226,0.490085213,2.350517419,0.589836982,1.351918603,1.862532508,0.249356682,1.484273016,2.249530654,1.409101023,0.823546114,0.000664509,0.016345923,0.826704692,0.000316759,0.101157486,0.882405548
15,82f8e275a1630f8d88da8ae709b87ce1,0.143340005,0.718754452,0.517349407,0.050808515,0.674814919,0.296902717,0.066741882,0.162936919,0.007027284,0.37274377,0.042725536,0.41707946,2.159112218,0.542490083,1.354687082,1.851153395,0.260026126,1.62403908,2.076917217,1.034780891,0.802163153,0.000665103,0.016913844,0.893586603,0.000294917,0.103275449,1.055189673
15,6ced6a2ea612ba479b70a538bf1f0be8,0.125017572,0.743787113,0.402039314,0.384970209,0.688724292,0.384625061,0.045391165,0.175717575,0.008254837,0.653246082,0.040987252,0.616587916,2.167955129,0.336035847,1.3712617,1.859972026,0.240923728,1.464998594,2.193218061,1.626708331,0.817884026,0.000636143,0.021299539,0.989412763,0.000290458,0.101839385,1.083456247
15,f94a3e6daa421672040c5270649b046e,0.161511884,0.739282005,0.364400843,0.120677814,0.808182779,0.277506154,0.064414715,0.167872368,0.007867809,0.471185066,0.039311199,0.690382924,1.899402447,0.779321433,1.346136204,1.845103169,0.247437895,1.381640788,2.110000201,1.635688504,0.785581514,0.000738189,0.015854801,0.946883342,0.00018362,0.099915805,1.149897323
15,3663b6c89560fa668b682e2e939e1b2e,0.148104535,0.537489814,0.414966902,0.16706669,0.576767581,0.437832199,0.083576615,0.1466364,0.008130994,0.712140844,0.042780333,0.342997807,2.305335797,0.777600022,1.338168468,1.846088918,0.247036482,1.346778547,2.300049944,1.39682878,0.834925682,0.000707091,0.014044229,0.82245562,0.000287094,0.098474927,1.154713832
15,13ac5c18eeb52f717fd22dc1bb906d43,0.143496749,0.664434819,0.392311058,0.188194753,0.604686752,0.38106407,0.069884434,0.161527996,0.007330731,0.643598438,0.041330793,0.457345853,2.380353262,0.625911931,1.35528937,1.85628573,0.245094342,1.435834402,2.265138024,1.44859247,0.828408667,0.000671538,0.016306744,0.862347134,0.000311098,0.099692969,0.890709514
15,b8178ff2f4abfcd68cc213d745c9eccd,0.147619057,0.686036085,0.42031734,0.199189891,0.634826116,0.357945453,0.067285154,0.162654504,0.007610164,0.576970911,0.04125781,0.49169576,2.321260305,0.5778926,1.351931061,1.863006627,0.249241562,1.480766367,2.260503428,1.407986277,0.822996409,0.000665781,0.01609015,0.833365853,0.000313247,0.100848484,0.946931498
15,be4d50d3a799b245c47a14b98f680d51,0.143349492,0.591207416,0.439596824,0.1756289,0.675091859,0.420932596,0.06746874,0.152382056,0.009038035,0.598144933,0.041995073,0.537161587,2.061461086,0.684811805,1.345489435,1.851025496,0.255530231,1.356722321,2.190185211,1.423573043,0.823360575,0.000609969,0.020922107,0.925825997,0.000196948,0.101919713,1.006374381
15,4f136a0dfee7757be561933f6c6469d1,0.129080327,0.691600427,0.290789865,0.258721601,0.621680329,0.31570348,0.063697912,0.158660422,0.006507681,0.599332721,0.043884463,0.590391053,2.330680514,0.427635561,1.339562361,1.858386954,0.249754741,1.543318382,2.225664011,1.240326929,0.816293201,0.000575069,0.019758571,0.917601802,0.000451213,0.104268597,0.864631314
15,8139e34fa12ad5e3d69c37c642b73114,0.153342361,0.63810456,0.462955257,0.219411426,0.695506853,0.375737286,0.07192355,0.161647299,0.008196117,0.603289116,0.041539677,0.689240178,2.063923901,0.675293435,1.336655968,1.877677952,0.266964395,1.404314122,2.172153088,1.257911918,0.825017038,0.000586151,0.020361565,0.832422822,0.000271868,0.105196393,0.88689786
15,47de81e562869f1cc12ddc390e5d1e0d,0.148226012,0.721760855,0.42635943,0.146282216,0.651165683,0.343236332,0.06834817,0.17070873,0.00706532,0.556515116,0.040367033,0.563517311,2.219080171,0.743334153,1.355695676,1.868548602,0.253213543,1.475855381,2.224112426,1.394129905,0.820544617,0.000648305,0.018820622,0.822462396,0.000280132,0.101400402,0.860704049
15,5b2d27b8428324472b4ce5ad24005dee,0.150945298,0.601387696,0.330090686,0.048997677,0.694720118,0.507223468,0.072014339,0.133481578,0.010145842,0.901943402,0.03841209,0.564313974,2.005319418,0.5361029,1.358440648,1.876735139,0.259018654,1.223414738,2.233808049,1.433865265,0.846065235,0.000534093,0.029453795,0.965277278,0.000180861,0.106034856,0.967832471
15,43a3af02a37d853e2bebe96e5fb6333e,0.14864719,0.737774657,0.269695866,0.420485554,0.8588761,0.306928297,0.058989934,0.167497055,0.009091166,0.904446981,0.038073164,1.294194186,2.159366837,0.892253194,1.332700923,1.884454087,0.25613336,1.293797746,2.218423814,1.687724607,0.817668187,0.000622044,0.021169368,0.940601643,0.000245023,0.11065344,1.123145163
15,d4a4bf9a2108396eee5ec9f6e4ccfff0,0.15017469,0.817955162,0.386027999,0.192751178,0.557621948,0.234056348,0.048623685,0.163944688,0.007432045,0.588868735,0.036847837,0.522366874,2.805153561,0.880148014,1.373725953,1.874325268,0.244503615,1.500313551,2.169608145,1.365547891,0.824322591,0.00072794,0.015953132,0.929899129,0.000195477,0.099426763,0.95325181
15,13ba0686d23868c64ab4ea29cb5fb912,0.141499581,0.650053071,0.426797603,0.132641354,0.597964924,0.39346436,0.075795245,0.167417103,0.007687684,0.587908097,0.042489463,0.389408806,2.057589345,0.444179669,1.354533821,1.874260589,0.262630461,1.45345119,2.220996191,1.090587188,0.828262171,0.000560738,0.024634314,0.848183014,0.000397279,0.102105477,0.876968734
15,ffbc30f9b4f5de596e69b0692ead788d,0.127160607,0.711175998,0.343844619,0.206571459,0.532030212,0.359638388,0.064394858,0.172251848,0.00599611,0.742078437,0.041952996,0.422513818,2.597512533,0.27329219,1.368238068,1.872468663,0.24762285,1.535606585,2.219450472,1.171072794,0.833460054,0.000585851,0.019375575,0.922555541,0.000491415,0.102111003,0.769520711
15,d285c376288d9c692b4705bea740932d,0.144735252,0.64314417,0.432302752,0.199933856,0.5830099,0.402925264,0.073172387,0.160592322,0.007413279,0.580052816,0.042256991,0.363989051,2.242750468,0.548544173,1.353409746,1.862214644,0.248923765,1.463799808,2.275730609,1.386707384,0.831384926,0.000645223,0.016988332,0.819531759,0.000336997,0.099418458,0.789521055
15,3e6c014c8cd3232411d084befe2a334e,0.153573453,0.570567848,0.426236843,0.13885523,0.601446788,0.419972649,0.08118124,0.154675191,0.008041954,0.656978985,0.041473443,0.438964366,2.19414851,0.769965034,1.342283342,1.863035075,0.254519585,1.331033826,2.273206138,1.409840414,0.834412339,0.000638222,0.01780793,0.820016203,0.000250264,0.099562424,0.837965136
15,e9f9ec63d69a9fd0ea9e414623a9fdf3,0.149267295,0.710790477,0.411057503,0.127029723,0.652118718,0.321997907,0.069572415,0.172522783,0.006971366,0.542576326,0.040240072,0.563002539,2.197529593,0.744259321,1.353787676,1.860735051,0.252649035,1.452827583,2.204387138,1.401127025,0.816069082,0.000650432,0.019347795,0.842083939,0.000268699,0.101297328,0.934753771
15,100fa0ed6deb6bc7d025a28d47e1a38d,0.155421918,0.700389559,0.346685099,0.126343589,0.627148763,0.387970172,0.068022607,0.169818402,0.008147955,0.720722733,0.037095921,0.550592772,2.128620098,0.736304756,1.366305559,1.881526845,0.249800325,1.269111957,2.25929159,1.616545329,0.833607989,0.000625561,0.023631641,0.869592926,0.000195769,0.099056701,0.902160258
15,0dcacd66bfff62fe733202281d335bcb,0.143793736,0.64882908,0.260272443,0.065765888,0.572939602,0.37695166,0.076153082,0.142390928,0.006914405,0.847711703,0.041144688,0.586634885,2.671656184,0.612806529,1.342157095,1.871788654,0.256303125,1.433189419,2.252960721,1.115923643,0.842818136,0.000577275,0.02015445,0.901821061,0.000434692,0.106433923,0.802568472
15,f28d9243e9107a00eb71c6d5be1afc6d,0.148334472,0.678085552,0.407220856,0.190048672,0.624107839,0.379356764,0.067250334,0.164984883,0.00748541,0.624559333,0.040686093,0.471098584,2.314378094,0.534828139,1.358498413,1.868186269,0.248558805,1.445714402,2.258526967,1.458750714,0.828744551,0.000650488,0.016812346,0.858596692,0.0003005,0.100079578,0.786215926
15,c5c169f3b4a0dc66b7ca4d3aa555b867,0.144897786,0.694199733,0.420086354,0.198134275,0.631217589,0.367391618,0.065160941,0.162474085,0.007421112,0.57673974,0.040934524,0.484321417,2.363725886,0.648765808,1.351935048,1.863913835,0.249830695,1.474766816,2.254913613,1.42427925,0.824468297,0.000688053,0.016467764,0.816386404,0.000306289,0.100806364,0.979159306
15,85027e29927e05c2951bc3c2b48a2e29,0.151944276,0.679894825,0.323044177,0.173789896,0.758040898,0.412030128,0.058065658,0.13520222,0.009989191,0.968057683,0.036677953,0.975568004,2.634975148,0.989392345,1.351725836,1.875586885,0.253191243,1.309009194,2.242809138,1.609650203,0.843266826,0.000612898,0.02034815,0.972878773,0.000162818,0.10940343,0.95426195
15,daca09b6ad7b0332784698271f0b9d0b,0.148019899,0.682353681,0.404397359,0.192309552,0.622957547,0.377844451,0.0669516,0.16541692,0.007460312,0.629673021,0.040655924,0.473883812,2.311518395,0.547482702,1.359180551,1.867512324,0.248372138,1.445164338,2.251950616,1.457708398,0.829031913,0.000649565,0.016532367,0.855235411,0.000300587,0.100070074,0.731478714
15,c78dceb7a00623956c54ceaf8fad2d77,0.147510005,0.698815896,0.411549935,0.213133867,0.62394712,0.361978043,0.068367227,0.162832751,0.007434953,0.59384167,0.041116605,0.479770883,2.397026348,0.599868757,1.354845346,1.869362196,0.248013032,1.476790264,2.257266597,1.427234586,0.825394155,0.000677027,0.015664232,0.84447461,0.000313999,0.100577837,0.849234939
15,60f1947fd75fa3e54ea20da8d16b5a57,0.144835213,0.574550108,0.424934118,0.190160443,0.583236733,0.442254446,0.078886647,0.149067349,0.008104732,0.705770459,0.042442668,0.366147391,2.376000096,0.756432794,1.342172265,1.852304092,0.24591203,1.384992331,2.301919478,1.406693223,0.835225212,0.000704637,0.014287204,0.817313808,0.00030318,0.098902108,1.192932099
